uid;date_match;joueurA;joueurB;surf;tournoi;coteA;coteB;probA_modele;probB_modele;evA_pct;evB_pct;marge;zones;psA;psB;mxA;mxB;avA;avB;clv_ps_pct;clv_avg_pct;score_confiance;injury;opp_streak;tourn_spec;elo_a;elo_b;srv_a;srv_b;ret_a;ret_b;trend_elo_a;trend_elo_b;rank_a;rank_b;forme_surf_a;forme_surf_b;forme_5A;forme_5B;clv_closing_60;clv_closing_15;anomalie;resultat;src_resultat
2026-05-29_thiago_agustin_tirante_pablo_carreno_busta;2026-05-29;Thiago Agustin Tirante;Pablo Carreno Busta;Clay;ATP French Open;1.43;2.93;0.9500;0.2600;35.85;-23.82;4.06;A5+C1;1.46;2.94;1.47;3.05;1.4132075471698113;2.933396226415094;-2.05;1.19;57;;;;1713.1;1739.2;74.2;67.9;36.3;35.9;65.9;-2.8;60;89;3V2D;1V2D;;;;;;0;
2026-05-29_quentin_halys_alexander_zverev;2026-05-29;Alexander Zverev;Quentin Halys;Clay;ATP French Open;1.06;10.5;0.8800;0.4000;-6.72;320.00;3.86;aucune;1.07;10.74;1.12;15;1.0587037037037033;10.027962962962963;-0.93;0.12;74;;;;2021.3;1652;74.9;76.4;36.6;33.1;63.6;29.0;3;90;3V2D;0V1D;0V1D;;;0.00;;1;
2026-05-29_alex_de_minaur_jakub_mensik;2026-05-29;Alex de Minaur;Jakub Mensik;Clay;ATP French Open;1.24;4.3;0.5800;0.6800;-28.08;192.40;3.90;aucune;1.25;4.47;1.28;4.9;1.2339999999999995;4.226181818181818;-0.80;0.49;49;;;;1859.3;1789.4;72.3;77.8;39.6;36.4;-91.0;-43.1;7;27;3V2D;2V3D;;;;;;0;
2026-05-29_alex_michelsen_rafael_jodar;2026-05-29;Rafael Jodar;Alex Michelsen;Clay;ATP French Open;1.2;4.75;0.9500;0.5100;14.00;142.25;4.39;aucune;1.23;4.79;1.24;5.4;1.2007142857142856;4.666785714285717;-2.44;-0.06;84;;;;1935.1;1630.9;69.2;71.3;39.8;35.8;181.7;44.7;29;42;3V2D;2V3D;;;;1.69;;1;
2026-05-29_karen_khachanov_jesper_de_jong;2026-05-29;Karen Khachanov;Jesper De Jong;Clay;ATP French Open;1.34;3.4;0.9500;0.6100;27.30;107.40;4.04;aucune;1.36;3.48;1.4;3.7;1.3364150943396222;3.3471698113207546;-1.47;0.27;59;;;;1808.8;1646.5;75.4;73.1;35.7;34.5;-29.5;-34.6;15;106;3V2D;0V3D;;;;;;0;
2026-05-29_joao_fonseca_novak_djokovic;2026-05-29;Novak Djokovic;Joao Fonseca;Clay;ATP French Open;1.43;2.95;0.1300;0.5500;-81.41;62.25;3.83;aucune;1.44;3.02;1.51;3.1;1.4392592592592592;2.848148148148149;-0.69;-0.64;48;;;;1969.4;1808.1;75.9;73;39.8;36;-41.8;66.1;4;30;0V1D;2V3D;;;;;;0;
2026-05-29_casper_ruud_tommy_paul;2026-05-29;Casper Ruud;Tommy Paul;Clay;ATP French Open;1.32;3.55;0.8000;0.4000;5.60;42.00;3.93;aucune;1.34;3.56;1.39;3.8;1.3349090909090906;3.3643636363636356;-1.49;-1.12;64;;;;1970.4;1856.5;73.2;74.6;36.3;37.5;104.6;34.3;16;21;3V2D;4V1D;0V1D;0V1D;;;;1;
2026-05-29_nuno_borges_andrey_rublev;2026-05-29;Andrey Rublev;Nuno Borges;Clay;ATP French Open;1.33;3.48;0.6200;0.2700;-17.54;-6.04;3.92;aucune;1.35;3.49;1.36;3.7;1.3292857142857137;3.3933928571428567;-1.48;0.05;59;;;;1868.1;1690.7;77;72.9;36.8;34.5;-23.4;-39.6;13;51;3V2D;2V3D;;;;;;1;
2026-05-30_moise_kouame_alejandro_tabilo;2026-05-30;Alejandro Tabilo;Moise Kouame;Clay;ATP French Open;1.15;4.95;0.5200;0.3400;-40.20;68.30;7.16;B2+B3;1.19;5.32;1.22;5.81;1.1727450980392158;5.066470588235294;-3.36;-1.94;68;;;;1793.4;1324.3;73.5;64.6;34.3;44.7;5.5;-6.5;36;318;2V3D;0V1D;0V1D;0V1D;0.00;0.00;;1;
2026-05-30_matteo_arnaldi_raphael_collignon;2026-05-30;Raphael Collignon;Matteo Arnaldi;Clay;ATP French Open;1.61;2.32;0.4700;0.5300;-24.33;22.96;5.22;B4;;;1.65;2.62;1.5908888888888886;2.3411111111111103;;1.20;41;;;;1814.1;1756.4;75;71.1;34.9;33.3;19.0;-14.8;62;104;1V1D;2V3D;0V1D;0V1D;0.68;0.68;;0;
2026-05-30_flavio_cobolli_learner_tien;2026-05-30;Flavio Cobolli;Learner Tien;Clay;ATP French Open;1.43;2.75;0.7600;0.9500;8.68;161.25;6.29;aucune;1.47;2.86;1.51;2.92;1.465925925925926;2.6944444444444455;-2.72;-2.45;68;;;;1847.5;1685.1;71.8;71.5;36.4;37.2;71.3;31.3;14;18;2V3D;4V1D;0V1D;0V1D;0.00;0.00;;1;
2026-05-30_francisco_cerundolo_zachary_svajda;2026-05-30;Francisco Cerundolo;Zachary Svajda;Clay;ATP French Open;1.07;8;0.9000;0.3200;-3.70;156.00;5.96;aucune;1.09;8.39;1.13;11;1.0762962962962968;8.308888888888887;-1.83;-0.58;58;;;;1872.1;1532.9;68.6;72.8;40.1;32.1;-42.6;-12.5;26;85;1V4D;1V2D;0V2D;0V1D;0.00;0.00;;0;
2026-05-30_juan_manuel_cerundolo_martin_landaluce;2026-05-30;Juan Manuel Cerundolo;Martin Landaluce;Clay;ATP French Open;1.62;2.3;0.7100;0.8100;15.02;86.30;5.21;aucune;1.68;2.31;1.7;2.38;1.6319607843137258;2.278235294117647;-3.57;-0.73;38;;;;1726.9;1643.3;67.6;73.1;37.9;32.7;-30.4;83.6;56;69;1V4D;3V2D;0V2D;0V1D;5.45;4.82;;1;
2026-05-30_matteo_berrettini_francisco_comesana;2026-05-30;Matteo Berrettini;Francisco Comesana;Clay;ATP French Open;1.43;2.8;0.3100;0.2000;-55.67;-44.00;5.64;aucune;;;1.49;2.85;1.426222222222222;2.6975555555555557;;0.26;53;;;;1755.9;1610.2;73.9;74.1;33.8;35.1;-2.9;-47.2;105;102;2V3D;1V4D;0V1D;0V1D;-1.32;-1.32;;1;
2026-05-30_felix_auger-aliassime_brandon_nakashima;2026-05-30;Felix Auger-Aliassime;Brandon Nakashima;Clay;ATP French Open;1.43;2.8;0.6200;0.2900;-11.34;-18.80;5.64;aucune;;;1.47;3.05;1.4248888888888886;2.7553333333333323;;0.36;45;;;;1857.7;1706.3;78;75.2;35.9;34;;-45.5;;35;;2V3D;0V1D;0V1D;0.00;0.00;;1;
2026-05-30_jaime_faria_frances_tiafoe;2026-05-30;Frances Tiafoe;Jaime Faria;Clay;ATP French Open;1.64;2.25;0.5700;0.3800;-6.52;-14.50;5.42;aucune;1.58;2.53;1.65;2.66;1.5796226415094337;2.3933962264150948;3.80;3.82;63;;;;1802.1;1648.6;74.4;70.2;35.1;33.2;38.2;-14.7;22;115;2V3D;0V1D;0V1D;0V1D;-0.62;1.92;;1;
2026-05-29_elina_svitolina_tamara_korpatsch;2026-05-29;Elina Svitolina;Tamara Korpatsch;Clay;WTA French Open;1.05;11;0.8500;0.4200;-10.75;362.00;4.33;B4;1.06;12.15;1.07;13.7;1.0505454545454547;10.903818181818181;-0.94;-0.05;100;;;;1988.5;1648.8;68.7;59.1;44.4;46.5;60.2;-28.6;7;95;5V0D;1V3D;;;;;;1;
2026-05-29_xiyu_wang_yuliia_starodubtseva;2026-05-29;Yuliia Starodubtseva;Xiyu Wang;Clay;WTA French Open;1.52;2.5;0.9500;0.2940;44.40;-26.50;5.79;A3;1.54;2.67;1.57;2.82;1.516909090909091;2.571090909090909;-1.30;0.20;51;;;;1710.5;1678.7;60.5;60.3;44.1;41.9;111.1;51.4;55;148;2V3D;3V1D;;;;;;0;
2026-05-29_solana_sierra_sorana_cirstea;2026-05-29;Sorana Cirstea;Solana Sierra;Clay;WTA French Open;1.28;3.8;0.8700;0.9500;11.36;261.00;4.44;aucune;1.3;3.89;1.32;4.1;1.276037735849057;3.7881132075471693;-1.54;0.31;80;;;;1844.4;1713.7;70;61.9;44.7;41.9;58.5;53.6;18;68;4V1D;3V2D;;;;;;1;
2026-05-29_mirra_andreeva_marie_bouzkova;2026-05-29;Mirra Andreeva;Marie Bouzkova;Clay;WTA French Open;1.14;6.2;0.9500;0.5600;8.30;247.20;3.85;aucune;1.16;6.13;1.18;7;1.1392307692307695;5.893846153846155;-1.72;0.07;84;;;;1993.1;1759.7;68.2;62.9;46.2;46.3;83.3;2.6;8;28;3V2D;2V3D;;;;;;1;
2026-05-29_magda_linette_iga_swiatek;2026-05-29;Iga Swiatek;Magda Linette;Clay;WTA French Open;1.03;14;0.9500;0.1900;-2.15;166.00;4.23;aucune;1.05;13.21;1.05;29;1.0329629629629633;13.577037037037037;-1.90;-0.29;85;;;;2021.4;1732.6;71;65.4;47.1;40.3;-16.2;-11.9;3;73;4V1D;1V2D;;;;;;1;
2026-05-29_peyton_stearns_belinda_bencic;2026-05-29;Belinda Bencic;Peyton Stearns;Clay;WTA French Open;1.35;3.35;0.8000;0.6500;8.00;117.75;3.92;aucune;1.39;3.28;1.4;3.45;1.3516666666666668;3.2327777777777764;-2.88;-0.12;59;;;;1819.5;1753.8;66.5;66;43.7;42.1;20.3;41.5;11;78;3V2D;2V3D;;;;-0.74;;1;
2026-05-29_jil_teichmann_karolina_muchova;2026-05-29;Karolina Muchova;Jil Teichmann;Clay;WTA French Open;1.08;7.5;0.4900;0.0800;-47.08;-40.00;5.93;aucune;1.11;7.55;1.13;8.4;1.0996428571428578;7.211964285714286;-2.70;-1.79;79;;;;1899.9;1582.9;67.9;60;42.1;42.1;35.7;23.2;10;170;3V2D;3V1D;0V1D;;;;;0;
2026-05-29_marta_kostyuk_viktorija_golubic;2026-05-29;Marta Kostyuk;Viktorija Golubic;Clay;WTA French Open;1.05;10;0.8600;0.1400;-9.70;40.00;5.24;aucune;1.07;10.3;1.09;11.5;1.0680357142857146;9.110892857142858;-1.87;-1.69;90;;;;1958.5;1632.3;68.1;59.5;46.2;42.7;144.9;4.7;15;82;5V0D;2V2D;;;;;;1;
2026-05-30_iva_jović_naomi_osaka;2026-05-30;Naomi Osaka;Iva Jović;Clay;WTA French Open;1.78;2;0.4350;0.6900;-22.57;38.00;6.18;C2;1.84;2.06;1.86;2.06;1.8054716981132064;1.9913207547169816;-3.26;-1.41;59;;;;1850.8;1782.6;72.2;63.3;43;45.5;21.1;-43.0;16;17;3V2D;2V3D;0V1D;0V1D;0.00;0.00;;1;
2026-05-30_aryna_sabalenka_daria_kasatkina;2026-05-30;Aryna Sabalenka;Daria Kasatkina;Clay;WTA French Open;1.08;7.4;0.8200;0.5100;-11.44;277.40;6.11;aucune;;;1.1;10;1.0784444444444445;7.9766666666666675;;0.14;89;;;;2116.4;1760.5;70.5;58.6;44;47.3;31.3;-8.9;1;53;3V2D;2V3D;0V1D;0V1D;0.93;0.93;;1;
2026-05-30_victoria_mboko_madison_keys;2026-05-30;Victoria Mboko;Madison Keys;Clay;WTA French Open;1.59;2.12;0.6050;0.9400;-3.81;99.28;10.06;aucune;;;1.71;2.37;1.6346666666666665;2.145777777777779;;-2.73;47;;;;1834.7;1873.2;67.9;67.9;43.4;43.5;5.6;-16.8;9;19;3V2D;3V2D;0V1D;0V1D;0.00;-2.59;;0;
2026-05-30_diana_shnaider_oleksandra_oliynykova;2026-05-30;Diana Shnaider;Oleksandra Oliynykova;Clay;WTA French Open;1.28;3.55;0.9400;0.4500;20.32;59.75;6.29;aucune;1.33;3.58;1.36;3.6;1.3207407407407403;3.3674074074074065;-3.76;-3.08;48;;;;1801.5;1726.1;64.5;59.7;42.9;41.3;19.6;-4.5;23;65;2V3D;3V2D;0V1D;0V1D;0.00;0.00;;1;
2026-05-30_diane_parry_amanda_anisimova;2026-05-30;Amanda Anisimova;Diane Parry;Clay;WTA French Open;1.18;4.75;0.7800;0.0900;-7.96;-57.25;5.80;aucune;1.21;4.9;1.22;5.2;1.1974074074074077;4.5905555555555555;-2.48;-1.45;69;;;;1753.4;1622.9;67.2;67.4;45.2;41.9;-11.9;-7.2;6;92;2V1D;1V2D;0V1D;0V1D;0.00;0.00;;0;
2026-05-30_coco_gauff_anastasia_potapova;2026-05-30;Coco Gauff;Anastasia Potapova;Clay;WTA French Open;1.29;3.1;0.8200;0.2100;5.78;-34.90;9.78;aucune;;;1.36;3.65;1.3149999999999995;3.3371739130434785;;-1.90;75;;;;2042.2;1881.4;66.5;64.6;48.3;44.7;49.3;131.9;4;30;4V1D;3V2D;0V1D;0V1D;0.00;0.00;;0;
2026-05-30_maria_sakkari_maja_chwalinska;2026-05-30;Maja Chwalinska;Maria Sakkari;Clay;WTA French Open;1.71;1.94;0.5300;0.6450;-9.37;25.13;10.03;aucune;;;1.85;2.12;1.7762222222222215;2.0173333333333323;;-3.73;70;;;;1675.2;1772.2;62;62.5;43.4;41.6;138.7;-40.7;114;49;5V0D;1V4D;0V1D;0V1D;0.00;0.00;;1;
2026-05-30_anna_kalinskaya_maria_camila_osorio_serrano;2026-05-30;Anna Kalinskaya;Maria Camila Osorio Serrano;Clay;WTA French Open;1.79;1.85;0.4200;0.5010;-24.82;-7.31;9.92;aucune;1.88;2.01;1.91;2.04;1.847924528301886;1.9424528301886796;-4.79;-3.13;69;;;;1774.1;1241.3;64.1;64.6;42.9;44.7;-27.7;;24;448;3V2D;;0V1D;0V1D;-2.08;-1.05;;1;
2026-05-28_raphael_collignon_ben_shelton;2026-05-28;Ben Shelton;Raphael Collignon;Clay;ATP French Open;1.53;2.57;0.5700;0.4900;-12.79;25.93;4.27;B4;1.53;2.69;1.54;2.84;1.5010714285714286;2.636428571428571;0.00;1.93;36;;;;1858.8;1814.1;77.1;75;32.9;34.9;-75.7;19.0;5;62;2V3D;1V1D;;;;;;0;
2026-05-28_martin_landaluce_vit_kopriva;2026-05-28;Vit Kopriva;Martin Landaluce;Clay;ATP French Open;1.4;2.77;0.6500;0.9500;-9.00;163.15;7.53;aucune;1.52;2.66;2.25;2.77;1.921578947368421;1.8894736842105262;-7.89;-27.14;36;;;;1718.4;1643.3;60.9;64.2;37.7;32.7;45.9;83.6;66;69;2V3D;3V2D;;;;;;0;
2026-05-28_arthur_rinderknech_matteo_berrettini;2026-05-28;Arthur Rinderknech;Matteo Berrettini;Clay;ATP French Open;1.86;1.96;0.0500;0.3700;-90.70;-27.48;4.78;aucune;1.91;2;1.94;2.05;1.8492452830188675;1.9705660377358498;-2.62;0.58;42;;;;1707.7;1755.9;67.1;66.8;31.9;33.8;-3.4;-2.9;25;105;3V2D;2V3D;;;;;;0;
2026-05-28_francisco_comesana_luciano_darderi;2026-05-28;Luciano Darderi;Francisco Comesana;Clay;ATP French Open;1.31;3.2;0.6700;0.1400;-12.23;-55.20;7.59;aucune;1.34;3.61;1.34;6;1.229512195121951;4.300731707317073;-2.24;6.55;74;;;;1846.4;1610.2;73.2;74.1;37.3;35.1;65.7;-47.2;17;102;3V2D;1V4D;;;;;;0;
2026-05-28_felix_auger-aliassime_roman_andres_burruchaga;2026-05-28;Felix Auger-Aliassime;Roman Andres Burruchaga;Clay;ATP French Open;1.85;1.89;0.5900;0.7300;9.15;37.97;6.96;aucune;1.92;1.93;1.92;2.46;1.6633333333333336;2.197435897435897;-3.65;11.22;2;;;;;1704;;63.4;;43;;35.3;;68;;2V3D;;;;;;1;
2026-05-28_luca_van_assche_brandon_nakashima;2026-05-28;Brandon Nakashima;Luca Van Assche;Clay;ATP French Open;1.37;3.05;0.9500;0.2800;30.15;-14.60;5.78;aucune;1.42;3.13;1.45;3.2;1.402321428571428;2.9919642857142854;-3.52;-2.30;43;;;;1706.3;1596.9;67.9;59.3;34;45.2;-45.5;24.8;35;100;2V3D;2V1D;;;;;;1;
2026-05-28_matteo_arnaldi_stefanos_tsitsipas;2026-05-28;Stefanos Tsitsipas;Matteo Arnaldi;Clay;ATP French Open;1.53;2.58;0.6400;0.4200;-2.08;8.36;4.12;aucune;1.56;2.61;1.6;2.7;1.55;2.483571428571429;-1.92;-1.29;53;;;;1866.8;1756.4;67.1;61.1;34.1;33.3;20.9;-14.8;79;104;2V3D;2V3D;;;;;;0;
2026-05-28_hubert_hurkacz_frances_tiafoe;2026-05-28;Frances Tiafoe;Hubert Hurkacz;Clay;ATP French Open;1.67;2.08;0.5700;0.4600;-4.81;-4.32;7.96;aucune;1.92;1.87;2.16;2.08;1.8557894736842109;1.928684210526316;-13.02;-10.01;29;;;;1802.1;1769.6;65.6;69;35.1;32.9;38.2;-18.9;22;99;2V3D;2V3D;;;;;;1;
2026-05-28_coco_gauff_mayar_sherif;2026-05-28;Coco Gauff;Mayar Sherif;Clay;WTA French Open;1.02;13;0.9500;0.2600;-3.10;238.00;5.73;aucune;1.04;15.32;1.05;18.5;1.0323529411764711;13.134901960784314;-1.92;-1.20;95;;;;2042.2;1597.3;57.4;53.8;48.3;37.4;49.3;-10.4;4;129;4V1D;0V1D;;;;;;1;
2026-05-28_antonia_ruzic_madison_keys;2026-05-28;Madison Keys;Antonia Ruzic;Clay;WTA French Open;1.12;6.4;0.9500;0.4700;6.40;200.80;4.91;aucune;1.14;6.53;1.2;7;1.1375438596491225;5.946491228070176;-1.75;-1.54;59;;;;1873.2;1617;59.6;56.5;43.5;42.8;-16.8;-24.9;19;64;3V2D;1V3D;;;;;;1;
2026-05-28_aryna_sabalenka_elsa_jacquemot;2026-05-28;Aryna Sabalenka;Elsa Jacquemot;Clay;WTA French Open;1.01;25;0.8200;0.0800;-17.18;100.00;3.01;aucune;1.01;31.57;1.03;34.01;1.011860465116279;21.270232558139536;0.00;-0.18;89;;;;2116.4;1556.7;63.9;55.2;44;41.3;31.3;-58.9;1;67;3V2D;0V3D;;;;;;1;
2026-05-28_victoria_mboko_katerina_siniakova;2026-05-28;Victoria Mboko;Katerina Siniakova;Clay;WTA French Open;1.3;3.75;0.3500;0.0900;-54.50;-66.25;3.59;aucune;1.31;3.85;1.36;3.9;1.3154901960784315;3.4962745098039223;-0.76;-1.18;54;;;;1834.7;1728.3;60.3;56.6;43.4;44.3;5.6;20.7;9;36;3V2D;2V3D;;;;;;1;
2026-05-28_daria_kasatkina_susan_bandecchi;2026-05-28;Daria Kasatkina;Susan Bandecchi;Clay;WTA French Open;1.13;5.9;0.9500;0.0800;7.35;-52.80;5.44;aucune;1.16;6.33;1.18;8;1.1086842105263157;6.4036842105263165;-2.59;1.92;42;;;;1760.5;1490.1;52.5;;47.3;;-8.9;6.3;53;215;2V3D;1V1D;;;;;;1;
2026-05-28_maria_sakkari_claire_liu;2026-05-28;Maria Sakkari;Claire Liu;Clay;WTA French Open;1.29;3.25;0.6000;0.4300;-22.60;39.75;8.29;aucune;1.49;2.69;1.49;4.9;1.2587179487179487;3.8207692307692307;-13.42;2.49;31;;;;1772.2;1582.5;56.9;53.7;41.6;40.9;-40.7;1.7;49;182;1V4D;1V1D;;;;;;1;
2026-05-28_ann_li_diane_parry;2026-05-28;Diane Parry;Ann Li;Clay;WTA French Open;1.06;8;0.7050;0.0800;-25.27;-36.00;6.84;aucune;1.62;2.33;1.62;12.5;1.0684615384615384;9.567435897435898;-34.57;-0.79;21;;;;1622.9;1730.9;59.1;58.7;41.9;42.9;-7.2;40.6;92;29;1V2D;3V2D;;;;;;1;
2026-05-28_katie_boulter_anastasia_potapova;2026-05-28;Anastasia Potapova;Katie Boulter;Clay;WTA French Open;1.21;4.6;0.8400;0.2700;1.64;24.20;4.38;aucune;1.23;4.78;1.25;5.2;1.2119230769230769;4.4975000000000005;-1.63;-0.16;84;;;;1881.4;1678;55.3;56.4;44.7;43.8;131.9;-6.5;30;71;3V2D;2V3D;;;;;;1;
2026-05-28_yulia_putintseva_maria_camila_osorio_serrano;2026-05-28;Yulia Putintseva;Maria Camila Osorio Serrano;Clay;WTA French Open;1.34;3.12;0.8400;0.2380;12.56;-25.74;6.68;A3;1.54;2.53;1.71;6;1.4107894736842104;2.873421052631579;-12.99;-5.02;45;;;;1760.2;1241.3;55.3;;42.7;;31.5;;76;448;2V3D;;;;;;;0;
2026-05-28_adolfo_daniel_vallejo_moise_kouame;2026-05-28;Adolfo Daniel Vallejo;Moise Kouame;Clay;ATP French Open;1.26;3.37;0.51;0.34;-35.74;14.58;9.04;aucune;1.32;3.66;1.47;4.8;1.3635294117647054;3.10529411764706;-4.55;-7.59;62;;;;1724.0;1324.3;61.6;58.6;39.5;33.8;32.2;-6.5;71;318;3V2D;0V1D;;;;;;0;
2026-05-28_francisco_cerundolo_hugo_gaston;2026-05-28;Francisco Cerundolo;Hugo Gaston;Clay;ATP French Open;1.18;4.15;0.9;0.32;6.2;32.8;8.84;aucune;1.21;5.08;1.27;5.6;1.2072222222222222;4.409722222222221;-2.48;-2.25;48;;;;1872.1;1564.7;61.6;56.4;40.1;36.1;-42.6;-19.3;26;118;1V4D;0V2D;;;;;;1;
2026-05-28_facundo_diaz_acosta_learner_tien;2026-05-28;Learner Tien;Facundo Diaz Acosta;Clay;ATP French Open;1.69;2.02;0.52;0.49;-12.12;-1.02;8.68;aucune;1.59;2.46;1.87;2.58;1.6849999999999998;2.1516666666666664;6.29;0.3;38;;;;1685.1;1623.3;64.2;;37.2;;31.3;9.4;18;151;4V1D;1V1D;;;;;;1;
2026-05-28_jannik_sinner_juan_manuel_cerundolo;2026-05-28;Jannik Sinner;Juan Manuel Cerundolo;Clay;ATP French Open;1.08;4.0;0.95;0.27;2.6;8.0;17.59;aucune;;;1.95;5.1;1.2978260869565217;3.576956521739129;;-16.78;73;;;;2241.8;1726.9;72.6;61.1;42.0;37.9;137.1;-30.4;1;56;5V0D;1V4D;;;;;;0;
2026-05-28_julia_grabher_amanda_anisimova;2026-05-28;Amanda Anisimova;Julia Grabher;Clay;WTA French Open;1.17;5.4;0.78;0.72;-8.74;288.8;3.99;aucune;1.18;5.79;1.22;6.2;1.1616071428571424;5.3582142857142845;-0.85;0.72;49;;;;1753.4;1615.7;60.4;51.3;45.2;38.8;-11.9;-6.8;6;121;2V1D;1V3D;;;;;abandon;1;
2026-05-28_anna_kalinskaya_alina_korneeva;2026-05-28;Anna Kalinskaya;Alina Korneeva;Clay;WTA French Open;1.41;3.05;0.08;0.238;-88.72;-27.41;3.71;aucune;1.44;3.04;1.45;3.4;1.3850000000000002;3.066346153846153;-2.08;1.81;69;;;;1774.1;1527.7;57.9;49.3;42.9;34.9;-27.7;-13.1;24;117;3V2D;0V1D;;;;;;1;
2026-05-28_diana_shnaider_mccartney_kessler;2026-05-28;Diana Shnaider;McCartney Kessler;Clay;WTA French Open;1.09;5.9;0.9;0.08;-1.9;-52.8;8.69;aucune;1.07;13.14;1.15;13.14;1.0861111111111112;7.4719444444444445;1.87;0.36;48;;;;1801.5;1651.0;58.1;58.0;42.9;43.3;19.6;-17.5;23;48;2V3D;2V3D;;;;;;1;
2026-05-28_maja_chwalinska_elise_mertens;2026-05-28;Elise Mertens;Maja Chwalinska;Clay;WTA French Open;1.55;2.25;0.86;0.61;33.3;37.25;8.96;aucune;;;2.8;2.25;2.3800000000000003;1.5770588235294116;;-34.87;47;;;;1830.2;1675.2;61.2;57.0;44.8;43.4;14.3;138.7;21;114;3V2D;5V0D;;;;;;0;
2026-05-28_zachary_svajda_adam_walton;2026-05-28;Zachary Svajda;Adam Walton;Clay;ATP French Open;1.02;10.0;0.32;0.245;-67.36;145.0;8.04;B2+B3;1.09;10.62;1.09;14.5;1.052571428571429;9.966;-6.42;-3.09;31;;;;1532.9;1511.6;63.4;63.7;32.1;33.4;-12.5;14.8;85;97;1V2D;1V2D;;;;;;1;
2026-05-28_jan-lennard_struff_jaime_faria;2026-05-28;Jaime Faria;Jan-Lennard Struff;Clay;ATP French Open;1.18;4.2;0.39;0.219;-53.98;-8.02;8.56;aucune;1.21;5.1;1.24;5.3;1.203611111111111;4.436944444444445;-2.48;-1.96;26;;;;1648.6;1658.9;60.7;64.5;33.2;36.0;-14.7;-23.6;115;80;0V1D;2V3D;;;;;;1;
2026-05-28_flavio_cobolli_wu_yibing;2026-05-28;Flavio Cobolli;Wu Yibing;Clay;ATP French Open;1.01;10.25;0.58;0.086;-41.42;-11.85;8.77;aucune;1.04;25.26;1.04;1000.0;1.0138461538461536;322.19307692307694;-2.88;-0.38;68;;;;1847.5;1698.1;63.6;63.3;36.4;33.5;71.3;-51.0;14;92;2V3D;0V1D;;;;;;1;
2026-05-28_iva_jović_emma_navarro;2026-05-28;Iva Jović;Emma Navarro;Clay;WTA French Open;1.01;78.34;0.815;0.41;-17.69;3111.94;0.29;aucune;1.01;78.34;1.01;78.34;;;0.0;;53;;;;1782.6;1712.6;58.7;58.1;45.5;43.3;-43.0;61.2;17;25;2V3D;5V0D;;;;;;0;
2026-05-28_oleksandra_oliynykova_kimberly_birrell;2026-05-28;Kimberly Birrell;Oleksandra Oliynykova;Clay;WTA French Open;1.45;2.62;0.205;0.294;-70.28;-22.97;7.13;aucune;2.02;1.81;2.25;2.65;1.7571794871794872;2.063846153846154;-28.22;-17.48;41;;;;1511.6;1726.1;56.2;55.9;41.8;41.3;-31.8;-4.5;83;65;0V1D;3V2D;;;;;;0;
2026-05-28_donna_vekic_naomi_osaka;2026-05-28;Naomi Osaka;Donna Vekic;Clay;WTA French Open;1.1;5.75;0.72;0.285;-20.8;63.87;8.3;aucune;1.13;7.13;1.17;9.8;1.1023076923076922;6.837179487179487;-2.65;-0.21;49;;;;1850.8;1741.0;62.1;55.1;43.0;41.5;21.1;68.0;16;72;3V2D;3V2D;;;;;;1;
2026-05-27_casper_ruud_hamad_medjedovic;2026-05-27;Casper Ruud;Hamad Medjedovic;Clay;ATP French Open;1.02;10.0;0.82;0.51;-16.36;410.0;8.04;aucune;1.04;22.57;1.06;32.05;1.0297368421052633;13.64657894736842;-1.92;-0.95;74;;;;1970.4;1814.1;67.0;64.3;36.3;34.2;104.6;76.1;16;58;3V2D;3V2D;;;;;;1;
2026-05-27_tomas_machac_alexander_zverev;2026-05-27;Alexander Zverev;Tomas Machac;Clay;ATP French Open;1.01;22.0;0.88;0.21;-11.12;362.0;3.56;aucune;;;1.01;990.0;1.01;287.6666666666667;;0.0;94;;;;2021.3;1777.2;69.3;63.6;36.6;35.2;63.6;28.5;3;43;3V2D;2V3D;;;;;;1;
2026-05-27_lorenzo_sonego_tommy_paul;2026-05-27;Tommy Paul;Lorenzo Sonego;Clay;ATP French Open;1.04;12.0;0.95;0.23;-1.2;176.0;4.49;aucune;1.05;15.53;1.06;21.0;1.0313793103448277;13.52655172413793;-0.95;0.84;85;;;;1856.5;1653.0;67.1;65.9;37.5;34.7;34.3;-59.9;21;70;4V1D;1V4D;;;;;;1;
2026-05-27_kamilla_rakhimova_karolina_muchova;2026-05-27;Karolina Muchova;Kamilla Rakhimova;Clay;WTA French Open;1.01;50.0;0.49;0.35;-50.51;1650.0;1.01;aucune;1.02;42.61;1.02;71.0;1.0114285714285711;44.08714285714286;-0.98;-0.14;89;;;;1899.9;1604.3;61.6;53.7;42.1;43.0;35.7;-1.0;10;89;3V2D;1V3D;;;;;;1;
2026-05-28_alejandro_tabilo_valentin_vacherot;2026-05-28;Alejandro Tabilo;Valentin Vacherot;Clay;ATP French Open;1.47;2.65;0.83;0.95;22.01;151.75;5.76;aucune;1.51;2.78;1.56;2.78;1.4855172413793098;2.6893103448275864;-2.65;-1.04;26;;;;1793.4;1786.7;67.0;67.8;34.3;35.0;5.5;16.7;36;19;2V3D;3V2D;;;;;walkover;1;
2026-05-31_rafael_jodar_pablo_carreno_busta;2026-05-31;Rafael Jodar;Pablo Carreno Busta;Clay;ATP French Open;1.16;3.85;0.9500;0.0500;10.20;-80.75;12.18;A3;1.21;4.97;1.22;5.03;1.1944827586206899;4.557931034482759;-4.13;-2.89;74;;;;1935.1;1739.2;63.9;62.3;39.8;35.9;213.2;-2.8;29;89;3V2D;1V2D;;;-0.82;-0.82;;1;
2026-05-31_mirra_andreeva_jil_teichmann;2026-05-31;Mirra Andreeva;Jil Teichmann;Clay;WTA French Open;1.1;6.75;0.9500;0.0800;4.50;-46.00;5.72;aucune;1.09;8.52;1.11;9.2;1.0928571428571434;7.1469047619047625;0.92;0.65;94;;;;1993.1;1582.9;59.9;54.6;46.2;42.1;57.8;25.3;8;170;3V2D;3V1D;;;-1.80;-0.91;;1;
2026-05-31_marta_kostyuk_iga_swiatek;2026-05-31;Iga Swiatek;Marta Kostyuk;Clay;WTA French Open;1.32;3.1;0.7100;0.2700;-6.28;-16.30;8.02;aucune;1.38;3.26;1.38;3.55;1.3338636363636358;3.2686363636363627;-4.35;-1.04;55;;;;2021.4;1958.5;62.6;59.1;47.1;46.2;-34.2;116.6;3;15;4V1D;5V0D;;;0.00;2.21;;0;
2026-05-31_sorana_cirstea_xiyu_wang;2026-05-31;Sorana Cirstea;Xiyu Wang;Clay;WTA French Open;1.19;4.7;0.9400;0.2380;11.86;11.86;5.31;aucune;1.2;5.09;1.2;5.3;1.182093023255814;4.763488372093022;-0.83;0.67;90;;;;1844.4;1678.7;61.9;55.1;44.7;41.9;57.8;51.4;18;148;4V1D;3V1D;;;-2.44;-2.44;;1;
2026-05-31_jesper_de_jong_alexander_zverev;2026-05-31;Alexander Zverev;Jesper De Jong;Clay;ATP French Open;1.03;6.9;0.8800;0.3700;-9.36;155.30;11.58;aucune;1.05;12.39;1.07;16;1.0425;11.14675;-1.90;-1.20;79;;;;2021.3;1646.5;69.3;63.9;36.6;34.5;44.6;-34.6;3;106;3V2D;0V3D;;;-0.94;-0.94;;1;
2026-05-31_elina_svitolina_belinda_bencic;2026-05-31;Elina Svitolina;Belinda Bencic;Clay;WTA French Open;1.62;2.3;0.4900;0.6000;-20.62;38.00;5.21;B4;1.64;2.38;1.65;2.45;1.6011764705882354;2.324901960784313;-1.22;1.18;75;;;;1988.5;1819.5;60.1;60.4;44.4;43.7;37.1;-23.9;7;11;5V0D;3V2D;;;4.46;5.13;;1;
2026-05-31_jakub_mensik_andrey_rublev;2026-05-31;Andrey Rublev;Jakub Mensik;Clay;ATP French Open;1.77;1.87;0.8100;0.4600;43.37;-13.98;9.97;aucune;1.88;2.01;1.9;2.08;1.8286538461538453;1.9599999999999997;-5.85;-3.21;49;;;;1868.1;1789.4;66.8;66;36.8;36.4;-7.6;-48.5;13;27;3V2D;2V3D;;;2.75;3.89;;0;
2026-05-31_casper_ruud_joao_fonseca;2026-05-31;Casper Ruud;Joao Fonseca;Clay;ATP French Open;1.64;2.3;0.9500;0.2500;55.80;-42.50;4.45;A1+A2+A3+A5;1.68;2.31;1.7;2.35;1.6437254901960796;2.256274509803922;-2.38;-0.23;74;;;;1970.4;1808.1;67;66.8;36.3;36;81.1;58.9;16;30;3V2D;2V3D;;;1.21;1.21;;0;
2026-06-01_aryna_sabalenka_naomi_osaka;2026-06-01;Aryna Sabalenka;Naomi Osaka;Clay;WTA French Open;1.2;3.7;0.7800;0.0500;-6.40;-81.50;10.36;aucune;;;1.26;4.75;1.21075;3.898749999999999;;-0.89;74;;;;2116.4;1850.8;63.9;62.1;44;43;6.3;14.7;1;16;3V2D;3V2D;;;-0.82;-0.82;;1;
2026-06-01_flavio_cobolli_zachary_svajda;2026-06-01;Flavio Cobolli;Zachary Svajda;Clay;ATP French Open;1.13;5.8;0.5800;0.3200;-34.46;85.60;5.74;B3+B4;1.15;6.13;1.17;7;1.1361818181818184;5.909454545454545;-1.74;-0.54;68;;;;1847.5;1532.9;63.6;63.4;36.4;32.1;11.6;0.8;14;85;2V3D;1V2D;;;0.88;0.88;;1;
2026-06-01_felix_auger-aliassime_alejandro_tabilo;2026-06-01;Felix Auger-Aliassime;Alejandro Tabilo;Clay;ATP French Open;1.56;2.39;0.6200;0.1700;-3.28;-59.37;5.94;aucune;1.59;2.5;1.61;2.68;1.5595348837209302;2.4293023255813964;-1.89;0.03;14;;;;;1793.4;;67;;34.3;;13.6;;36;;2V3D;;;0.00;0.00;;1;
2026-06-01_juan_manuel_cerundolo_matteo_berrettini;2026-06-01;Matteo Berrettini;Juan Manuel Cerundolo;Clay;ATP French Open;1.61;2.27;0.4650;0.3100;-25.13;-29.63;6.16;aucune;1.64;2.38;1.67;2.46;1.6146153846153848;2.3128846153846148;-1.83;-0.29;36;;;;1755.9;1726.9;66.8;61.1;33.8;37.9;-25.6;-30.4;105;56;2V3D;1V4D;;;-0.61;-0.61;;1;
2026-06-01_frances_tiafoe_matteo_arnaldi;2026-06-01;Frances Tiafoe;Matteo Arnaldi;Clay;ATP French Open;1.74;2.07;0.5700;0.5300;-0.82;9.71;5.78;aucune;1.8;2.11;1.84;2.16;1.7533962264150942;2.0684905660377346;-3.33;-0.76;46;;;;1802.1;1756.4;65.6;61.1;35.1;33.3;29.1;-18.4;22;104;2V3D;2V3D;;;-7.69;-7.69;;0;
2026-06-01_madison_keys_diana_shnaider;2026-06-01;Madison Keys;Diana Shnaider;Clay;WTA French Open;1.62;2.25;0.6200;0.1400;0.44;-68.50;6.17;aucune;1.68;2.31;1.72;2.35;1.6438888888888894;2.2620370370370373;-3.57;-1.45;49;;;;1873.2;1801.5;59.6;58.1;43.5;42.9;-32.5;6.0;19;23;3V2D;2V3D;;;0.60;0.60;;0;
2026-06-01_anastasia_potapova_anna_kalinskaya;2026-06-01;Anastasia Potapova;Anna Kalinskaya;Clay;WTA French Open;1.46;2.65;0.9500;0.4450;38.70;17.93;6.23;aucune;1.51;2.74;1.53;2.86;1.480754716981132;2.6715094339622647;-3.31;-1.40;64;;;;1881.4;1774.1;55.3;57.9;44.7;42.9;117.9;-41.2;30;24;3V2D;2V3D;;;0.67;0.67;;0;
2026-06-01_maja_chwalinska_diane_parry;2026-06-01;Maja Chwalinska;Diane Parry;Clay;WTA French Open;1.55;2.41;0.5300;0.4100;-17.85;-1.19;6.01;aucune;1.57;2.55;1.62;2.56;1.552549019607843;2.440392156862746;-1.27;-0.16;63;;;;1675.2;1622.9;57;59.1;43.4;41.9;138.7;-3.0;114;92;5V0D;1V2D;;;0.64;0.64;;1;
2026-06-02_jakub_mensik_joao_fonseca;2026-06-02;Joao Fonseca;Jakub Mensik;Clay;ATP French Open;1.46;2.8;0.3000;0.6700;-56.20;87.60;4.21;B2+B3+B4;1.48;2.82;1.5;2.96;1.4571428571428569;2.7599999999999993;-1.35;0.20;46;;;;1808.1;1789.4;66.8;66;36;36.4;58.9;-48.5;30;27;2V3D;2V3D;;;0.68;0.68;;0;
2026-06-02_rafael_jodar_alexander_zverev;2026-06-02;Alexander Zverev;Rafael Jodar;Clay;ATP French Open;1.32;3.53;0.8200;0.2190;8.24;-22.69;4.09;A5;1.33;3.67;1.36;3.7;1.3205357142857133;3.4500000000000015;-0.75;-0.04;59;;;;2021.3;1935.1;69.3;63.9;36.6;39.8;44.6;213.2;3;29;3V2D;3V2D;;;1.50;1.50;;1;
2026-06-02_elina_svitolina_marta_kostyuk;2026-06-02;Marta Kostyuk;Elina Svitolina;Clay;WTA French Open;1.77;2.1;0.6800;0.9500;20.36;99.50;4.12;aucune;1.78;2.17;1.82;2.2;1.7628571428571427;2.084464285714286;-0.56;0.41;63;;;;1958.5;1988.5;59.1;60.1;46.2;44.4;116.6;37.1;15;7;5V0D;5V0D;;;0.00;0.00;;1;
2026-06-02_mirra_andreeva_sorana_cirstea;2026-06-02;Mirra Andreeva;Sorana Cirstea;Clay;WTA French Open;1.55;2.53;0.9000;0.4350;39.50;10.05;4.04;aucune;1.56;2.59;1.57;2.72;1.5289285714285712;2.5462500000000006;-0.64;1.38;74;;;;1993.1;1844.4;59.9;61.9;46.2;44.7;57.8;57.8;8;18;3V2D;4V1D;;;1.95;1.95;;1;
2026-06-03_anna_kalinskaya_maja_chwalinska;2026-06-03;Anna Kalinskaya;Maja Chwalinska;Clay;WTA French Open;1.78;1.86;0.4200;0.5300;-25.24;-1.42;9.94;aucune;;;1.92;2.05;1.8206666666666664;1.9608888888888891;;-2.23;33;;;;1774.1;1675.2;57.9;57;42.9;43.4;-41.2;138.7;24;114;2V3D;5V0D;;;12.07;12.07;;0;
2026-06-03_felix_auger-aliassime_flavio_cobolli;2026-06-03;Felix Auger-Aliassime;Flavio Cobolli;Clay;ATP French Open;1.79;1.85;0.5700;0.5400;2.03;-0.10;9.92;aucune;1.9;1.97;2.02;2.01;1.86;1.9351020408163264;-5.79;-3.76;7;;;;;1847.5;;63.6;;36.4;;11.6;;14;;2V3D;;;2.06;2.06;;0;
2026-06-03_aryna_sabalenka_diana_shnaider;2026-06-03;Aryna Sabalenka;Diana Shnaider;Clay;WTA French Open;1.11;5;0.8200;0.0800;-8.98;-60.00;10.09;aucune;;;1.15;9.35;1.1261111111111113;5.781666666666666;;-1.43;74;;;;2116.4;1801.5;63.9;58.1;44;42.9;6.3;6.0;1;23;3V2D;2V3D;;;4.55;4.55;;0;
2026-06-03_matteo_berrettini_matteo_arnaldi;2026-06-03;Matteo Berrettini;Matteo Arnaldi;Clay;ATP French Open;1.5;2.3;0.3100;0.5300;-53.50;21.90;10.14;B2+B3;1.54;2.62;1.62;2.64;1.5481818181818185;2.482363636363637;-2.60;-3.11;21;;;;1755.9;1756.4;66.8;61.1;33.8;33.3;-25.6;-18.4;105;104;2V3D;2V3D;;;3.23;3.23;abandon;0;
2026-06-04_marta_kostyuk_mirra_andreeva;2026-06-04;Marta Kostyuk;Mirra Andreeva;Clay;WTA French Open;1.74;2.05;0.6800;0.2300;18.32;-52.85;6.25;A1+A2+A3;1.78;2.14;1.86;2.14;1.7613725490196075;2.066862745098039;-2.25;-1.21;53;;;;1958.5;1993.1;59.1;59.9;46.2;46.2;116.6;57.8;15;8;5V0D;3V2D;;;-2.20;-2.73;;0;
2026-06-05_jakub_mensik_alexander_zverev;2026-06-05;Alexander Zverev;Jakub Mensik;Clay;ATP French Open;1.25;3.95;0.8200;0.6800;2.50;168.60;5.32;aucune;;;1.26;4.2;1.2455555555555555;3.953333333333334;;0.36;89;;;;2021.3;1789.4;74.9;77.8;36.6;36.4;44.6;-48.5;3;27;3V2D;2V3D;;;-5.38;-3.15;;1;
2026-06-04_diana_shnaider_maja_chwalinska;2026-06-04;Diana Shnaider;Maja Chwalinska;Clay;WTA French Open;1.5;2.31;0.8700;0.6100;30.50;40.91;9.96;aucune;1.54;2.64;1.59;2.68;1.5399999999999998;2.5114;-2.60;-2.60;58;;;;1801.5;1675.2;58.1;57;42.9;43.4;6.0;138.7;23;114;2V3D;5V0D;;;-3.77;-4.97;;0;
2026-06-05_matteo_arnaldi_flavio_cobolli;2026-06-05;Flavio Cobolli;Matteo Arnaldi;Clay;ATP French Open;1.39;2.9;0.5800;0.4200;-19.38;21.80;6.43;C2;1.43;3.03;1.45;3.2;1.4052727272727275;2.9760000000000004;-2.80;-1.09;48;;;;1847.5;1756.4;63.6;61.1;36.4;33.3;11.6;-18.4;14;104;2V3D;2V3D;;;-1.37;-2.04;walkover;1;
2026-06-06_maja_chwalinska_mirra_andreeva;2026-06-06;Mirra Andreeva;Maja Chwalinska;Clay;WTA French Open;1.25;4.1;0.9400;0.0700;17.50;-71.30;4.39;A3+A5;1.26;4.25;1.3;4.4;1.2475471698113207;4.058867924528303;-0.79;0.20;84;;;;1993.1;1675.2;59.9;57;46.2;43.4;76.6;138.7;8;114;3V2D;5V0D;;;5.00;5.00;;1;
2026-06-07_flavio_cobolli_alexander_zverev;2026-06-07;Alexander Zverev;Flavio Cobolli;Clay;ATP French Open;1.25;4.35;0.8200;0.5700;2.50;147.95;2.99;aucune;1.25;4.34;1.29;4.5;1.2461818181818178;4.093454545454546;0.00;0.31;64;;;;2021.3;1847.5;69.3;63.6;36.6;36.4;16.0;16.6;3;14;3V2D;2V3D;;;0.80;0.80;;1;
atp_french_open_alexander_zverev_vs_flavio_cobolli;2026-06-07;Alexander Zverev;Flavio Cobolli;Clay;ATP French Open;1.25;4.3;0.8200;0.5700;2.50;145.10;3.26;aucune;1.25;4.46;1.27;4.6;1.2449090909090905;4.134727272727273;0.00;0.41;80;;;;2021.3;1847.5;69.3;63.6;36.6;36.4;60.8;84.7;3;10;5V0D;5V0D;;;0.80;0.80;;1;oddspapi
atp_s-hertogenbosch_juan_pablo_ficovich_vs_martin_damm_jr;2026-06-07;Martin Damm Jr;Juan Pablo Ficovich;Grass;ATP s-Hertogenbosch;1.289;3.67;0.7570;0.9500;-2.42;248.65;4.83;aucune;1.289;3.67;1.289;3.67;;;0.00;;27;;;;1500.0;1426.4;;63.2;;39.6;;;2071;203;;;;;0.00;0.00;;1;
atp_stuttgart_jurij_rodionov_vs_sho_shimabukuro;2026-06-07;Sho Shimabukuro;Jurij Rodionov;Grass;ATP Stuttgart;1.769;2.07;0.2700;0.6000;-52.24;24.20;4.84;B2+B3+B4;1.769;2.07;1.769;2.07;;;0.00;;27;;;;1565.6;1513.6;67.6;;31.5;;;-10.0;104;153;;;;;-1.89;-1.89;;1;
atp_stuttgart_gauthier_onclin_vs_marc-andrea_huesler;2026-06-07;Marc-Andrea Huesler;Gauthier Onclin;Grass;ATP Stuttgart;1.714;2.15;0.1500;0.3890;-74.29;-16.36;4.85;aucune;1.714;2.15;1.714;2.15;;;0.00;;23;;;;1472.4;1491.1;53.2;;38.0;;-6.8;;320;186;;;;;-0.58;-0.58;;0;
wta_s-hertogenbosch_ella_seidel_vs_greet_minnen;2026-06-07;Greet Minnen;Ella Seidel;Grass;WTA s-Hertogenbosch;1.617;2.33;0.5870;0.3890;-5.08;-9.36;4.76;aucune;1.617;2.33;1.617;2.33;;;0.00;;50;;;;1654.5;1548.5;53.5;55.7;38;39.3;24.1;-58.7;202;95;;;;;-1.16;-1.16;;1;oddspapi
wta_s-hertogenbosch_anouk_koevermans_vs_hanne_vandewinkel;2026-06-07;Hanne Vandewinkel;Anouk Koevermans;Grass;WTA s-Hertogenbosch;1.613;2.34;0.5870;0.3890;-5.32;-8.97;4.73;aucune;1.613;2.34;1.613;2.34;;;0.00;;45;;;;1523.4;1416.9;54.2;53.8;41.7;48.2;15.8;;97;161;;;;;-3.70;-3.70;;1;
atp_s-hertogenbosch_james_mccabe_vs_sander_jong;2026-06-07;James McCabe;Sander Jong;Grass;ATP S-Hertogenbosch;1.54;2.51;0.2200;0.3550;-66.12;-10.90;4.78;aucune;1.54;2.51;1.54;2.51;;;0.00;;23;;;;1503.1;1506.3;;63.9;;34.5;;13.7;233;83;;;;;-5.06;-5.06;;1;
atp_s-hertogenbosch_elias_ymer_vs_niels_visker;2026-06-07;Elias Ymer;Niels Visker;Grass;ATP S-Hertogenbosch;1.515;2.58;0.3200;0.3240;-51.52;-16.41;4.77;aucune;1.515;2.58;1.515;2.58;;;0.00;;33;;;;1518.6;1381;63.1;;36.8;;;;184;;;;;;-1.32;-1.32;;1;
atp_s-hertogenbosch_benjamin_bonzi_vs_bernard_tomic;2026-06-07;Benjamin Bonzi;Bernard Tomic;Grass;ATP S-Hertogenbosch;1.462;2.75;0.3800;0.3240;-44.44;-10.90;4.76;aucune;1.462;2.75;1.462;2.75;;;0.00;;35;;;;1635.4;1520.4;64.1;;33.9;;9.0;;99;188;;;;;-4.02;-4.02;;1;
atp_stuttgart_mert_alkaya_vs_pierre-hugues_herbert;2026-06-07;Pierre-Hugues Herbert;Mert Alkaya;Grass;ATP Stuttgart;1.378;3.1;0.2400;0.2290;-66.93;-29.01;4.83;aucune;1.378;3.1;1.378;3.1;;;0.00;;31;;;;1545.5;1433.5;61.7;;31.6;;-11.6;;232;333;;;;;-2.23;-2.23;;1;
atp_stuttgart_alexis_galarneau_vs_roman_safiullin;2026-06-07;Roman Safiullin;Alexis Galarneau;Grass;ATP Stuttgart;1.369;3.15;0.6600;0.2290;-9.65;-27.87;4.79;aucune;1.369;3.15;1.369;3.15;;;0.00;;31;;;;1618.3;1502.9;65.9;;34.4;;-5.3;;135;187;;;;;-0.44;-0.44;;0;
french_open_men_singles_alexander_zverev_vs_flavio_cobolli;2026-06-07;Alexander Zverev;Flavio Cobolli;Hard;French Open Men Singles;1.44;2.99;0.7900;0.8000;13.76;139.20;2.89;aucune;1.44;2.99;1.44;2.99;;;0.00;;100;;;;2031;1801.5;69.3;63.6;36.6;36.4;60.8;84.7;3;10;4V1D;0V1D;;;0.80;0.80;;1;oddspapi
wta_london_polina_kudermetova_vs_priscilla_hon;2026-06-07;Polina Kudermetova;Priscilla Hon;Hard;WTA London;1.571;2.46;0.6520;0.4900;2.43;20.54;4.30;aucune;1.571;2.46;1.571;2.46;;;0.00;;39;;;;1636.5;1588.5;52.9;54.9;41.1;41.9;10.4;;121;146;;;;;0.00;0.00;;1;
wta_london_alycia_parks_vs_maddison_inglis;2026-06-07;Alycia Parks;Maddison Inglis;Hard;WTA London;1.526;2.59;0.6520;0.3150;-0.50;-18.42;4.14;aucune;1.526;2.59;1.526;2.59;;;0.00;;69;;;;1663.7;1553.8;57.1;58.8;40.2;37.9;43.5;;81;151;2V1D;;;;0.00;0.00;;0;
wta_london_alina_charaeva_vs_talia_gibson;2026-06-07;Talia Gibson;Alina Charaeva;Hard;WTA London;1.497;2.67;0.6520;0.3150;-2.40;-15.90;4.25;aucune;1.497;2.67;1.497;2.67;;;0.00;;69;;;;1776.6;1600.7;59.5;47.8;39.8;39.4;-8.5;-17.1;63;129;3V2D;;;;-2.61;-2.61;;0;
wta_london_anna_blinkova_vs_jodie_burrage;2026-06-07;Anna Blinkova;Jodie Burrage;Hard;WTA London;1.609;2.37;0.5510;0.4300;-11.34;1.91;4.34;aucune;1.609;2.37;1.609;2.37;;;0.00;;63;;;;1647.6;1491.4;52.4;56.3;43.7;38.5;-33.0;;105;643;1V1D;;;;0.00;0.00;;1;
wta_london_elsa_jacquemot_vs_hanyu_guo;2026-06-07;Elsa Jacquemot;Hanyu Guo;Hard;WTA London;1.641;2.31;0.5510;0.4300;-9.58;-0.67;4.23;aucune;1.641;2.31;1.641;2.31;;;0.00;;41;;;;1590.4;1578.4;55.2;51.7;41.3;44.9;-17.5;-6.2;80;156;1V1D;;;;0.00;0.00;;0;
wta_london_tatjana_maria_vs_yuriko_lily_miyazaki;2026-06-07;Tatjana Maria;Yuriko Lily Miyazaki;Hard;WTA London;1.275;3.85;0.7340;0.2630;-6.41;1.26;4.41;aucune;1.275;3.85;1.275;3.85;;;0.00;;54;;;;1571.2;1394.4;56;;40.7;;49.4;;52;295;0V1D;;;;0.00;0.00;;1;
wta_london_carole_monnet_vs_donna_vekic;2026-06-07;Donna Vekic;Carole Monnet;Hard;WTA London;;;0.5000;0.5000;0.00;0.00;0.00;aucune;;;;;;;;;18;;;;1720.3;1428.9;55.1;32.3;41.5;23.1;41.3;-12.4;76;191;;;;;;;;1;
wta_london_ekaterine_gorgodze_vs_kamilla_rakhimova;2026-06-07;Ekaterine Gorgodze;Kamilla Rakhimova;Hard;WTA London;;;0.5000;0.5000;0.00;0.00;0.00;aucune;;;;;;;;;18;;;;1440.3;1675.6;44.0;53.7;41.9;43;-9.2;-0.2;227;78;;1V1D;;;;;;0;
wta_s-hertogenbosch_katie_volynets_vs_lin_zhu;2026-06-07;Katie Volynets;Lin Zhu;Grass;WTA S-Hertogenbosch;1.512;2.58;0.6700;0.1500;1.30;-61.30;4.90;aucune;1.512;2.58;1.512;2.58;;;0.00;;34;;;;1586.8;1532.3;53;54.9;43.8;44;-11.8;;101;138;;;;;-0.60;-0.60;;1;
wta_s-hertogenbosch_joanna_garland_vs_robin_montgomery;2026-06-07;Robin Montgomery;Joanna Garland;Grass;WTA S-Hertogenbosch;1.684;2.2;0.5870;0.3890;-1.15;-14.42;4.84;aucune;1.684;2.2;1.684;2.2;;;0.00;;50;;;;1632.9;1502.8;48.7;56.7;35.1;38.8;-24.7;;484;186;;;;;-1.31;-1.31;;1;
wta_london_karolina_pliskova_vs_mccartney_kessler;2026-06-08;Karolina Pliskova;McCartney Kessler;Hard;WTA London;;;0.5000;0.5000;0.00;0.00;0.00;aucune;;;;;;;;;2;;;;1807.3;1788.1;59.4;58;41.4;43.3;82.9;-26.1;106;39;;1V2D;;;-2.63;-2.63;;1;
atp_s-hertogenbosch_nuno_borges_vs_terence_atmane;2026-06-08;Nuno Borges;Terence Atmane;Grass;ATP S-Hertogenbosch;1.757;2.15;;;0.00;0.00;3.43;aucune;1.757;2.15;1.757;2.15;;;0.00;;39;;;;1598.5;1558.8;64.7;64.2;34.5;33.8;3.9;82.5;50;53;;;;;0.00;0.00;;1;
atp_s-hertogenbosch_benjamin_bonzi_vs_mees_rottgering;2026-06-08;Benjamin Bonzi;Mees Rottgering;Grass;ATP S-Hertogenbosch;1.448;2.91;;;0.00;0.00;3.43;aucune;1.448;2.91;1.448;2.91;;;0.00;;42;;;;1635.4;1472.7;64.1;;33.9;;9.0;;99;464;;;;;0.14;0.14;;1;
atp_s-hertogenbosch_denis_shapovalov_vs_marin_cilic;2026-06-08;Marin Cilic;Denis Shapovalov;Grass;ATP S-Hertogenbosch;1.684;2.25;;;0.00;0.00;3.83;aucune;1.684;2.25;1.684;2.25;;;0.00;;50;;;;1776.3;1643.2;66.7;62.5;32.9;38;-13.1;-86.8;47;42;;;;;-2.04;-2.04;;1;
atp_s-hertogenbosch_elias_ymer_vs_ugo_humbert;2026-06-08;Ugo Humbert;Elias Ymer;Grass;ATP S-Hertogenbosch;1.292;3.78;;;0.00;0.00;3.85;aucune;1.292;3.78;1.292;3.78;;;0.00;;50;;;;1711.9;1518.6;66.8;63.1;34.2;36.8;-24.6;;33;184;;;;;-1.07;-1.07;;1;
atp_s-hertogenbosch_adrian_mannarino_vs_gabriel_diallo;2026-06-09;Adrian Mannarino;Gabriel Diallo;Grass;ATP S-Hertogenbosch;1.854;2;;;0.00;0.00;3.94;aucune;1.854;2;1.854;2;;;0.00;;30;;;;1651.9;1670.8;64.4;65.5;35.1;33.6;-97.1;-58.4;46;54;;;;;0.38;0.38;;1;
atp_s-hertogenbosch_jenson_brooksby_vs_zhizhen_zhang;2026-06-09;Jenson Brooksby;Zhizhen Zhang;Grass;ATP S-Hertogenbosch;1.8;2.07;;;0.00;0.00;3.86;aucune;1.8;2.07;1.8;2.07;;;0.00;;40;;;;1664.1;1587.4;61.8;62.6;37.5;29.8;-99.5;-61.6;73;214;;;;;-0.33;-0.33;;0;
atp_s-hertogenbosch_thijs_boogaard_vs_yibing_wu;2026-06-09;Yibing Wu;Thijs Boogaard;Grass;ATP S-Hertogenbosch;1.367;3.25;;;0.00;0.00;3.92;aucune;1.367;3.25;1.367;3.25;;;0.00;;31;;;;1589.6;1500.0;63.3;;33.5;;-33.7;;101;779;;;;;4.75;5.48;;0;
atp_s-hertogenbosch_botic_van_de_zandschulp_vs_tallon_griekspoor;2026-06-09;Tallon Griekspoor;Botic Van de Zandschulp;Grass;ATP S-Hertogenbosch;1.684;2.25;;;0.00;0.00;3.83;aucune;1.684;2.25;1.684;2.25;;;0.00;;50;;;;1768.7;1599.9;65.4;64.4;32.5;37.5;-94.2;15.1;41;55;;;;;1.63;1.63;;1;api_fast
atp_s-hertogenbosch_hubert_hurkacz_vs_marton_fucsovics;2026-06-09;Hubert Hurkacz;Marton Fucsovics;Grass;ATP S-Hertogenbosch;1.537;2.58;;;0.00;0.00;3.82;aucune;1.537;2.58;1.537;2.58;;;0.00;;30;;;;1720.9;1714.3;69;63.9;32.9;37.7;-27.2;-61.0;96;75;;;;;-0.39;-0.39;;0;api_fast
atp_stuttgart_alejandro_davidovich_fokina_vs_mattia_bellucci;2026-06-08;Alejandro Davidovich Fokina;Mattia Bellucci;Grass;ATP Stuttgart;1.54;2.6;;;0.00;0.00;3.40;aucune;1.54;2.6;1.54;2.6;;;0.00;;40;;;;1717.6;1624;65.2;61.2;37.1;34.9;-42.8;-8.6;22;78;;;;;0.00;0.00;;0;
atp_stuttgart_martin_landaluce_vs_pierre-hugues_herbert;2026-06-08;Martin Landaluce;Pierre-Hugues Herbert;Grass;ATP Stuttgart;1.704;2.24;;;0.00;0.00;3.33;aucune;1.704;2.24;1.704;2.24;;;0.00;;63;;;;1669.1;1545.5;64.2;61.7;32.7;31.6;157.8;-11.6;58;232;;;;;-0.58;-0.58;;1;
atp_stuttgart_giovanni_mpetshi_perricard_vs_tommy_paul;2026-06-08;Tommy Paul;Giovanni Mpetshi Perricard;Grass;ATP Stuttgart;1.534;2.59;;;0.00;0.00;3.80;aucune;1.534;2.59;1.534;2.59;;;0.00;;45;;;;1756.4;1648.3;67.1;70.3;37.5;26.5;10.2;-22.8;28;93;;;;;-0.20;-0.20;;;
atp_stuttgart_fabian_marozsan_vs_gauthier_onclin;2026-06-08;Fabian Marozsan;Gauthier Onclin;Grass;ATP Stuttgart;1.662;2.29;;;0.00;0.00;3.84;aucune;1.662;2.29;1.662;2.29;;;0.00;;31;;;;1591.3;1491.1;64.1;;35.7;;-38.2;;61;186;;;;;0.00;0.00;;0;
atp_stuttgart_diego_dedura-palomero_vs_james_duckworth;2026-06-09;James Duckworth;Diego Dedura-Palomero;Grass;ATP Stuttgart;1.52;2.63;;;0.00;0.00;3.81;aucune;1.52;2.63;1.52;2.63;;;0.00;;18;;;;1572.6;;63.4;;33.4;;-7.6;;79;;;;;;5.85;5.85;;1;
atp_stuttgart_corentin_moutet_vs_nick_kyrgios;2026-06-09;Corentin Moutet;Nick Kyrgios;Grass;ATP Stuttgart;1.591;2.44;;;0.00;0.00;3.84;aucune;1.591;2.44;1.591;2.44;;;0.00;;27;;;;1714.4;1667.3;61.8;;38.8;;-67.0;;36;835;;;;;-0.25;-0.25;;0;
atp_stuttgart_rinky_hijikata_vs_tom_gentzsch;2026-06-09;Rinky Hijikata;Tom Gentzsch;Grass;ATP Stuttgart;1.362;3.28;;;0.00;0.00;3.91;aucune;1.362;3.28;1.362;3.28;;;0.00;;31;;;;1601.8;1484.2;63.1;;34.8;;-14.4;;106;;;;;;-0.37;-0.37;;1;
atp_stuttgart_marcos_giron_vs_roberto_bautista_agut;2026-06-09;Marcos Giron;Roberto Bautista Agut;Grass;ATP Stuttgart;1.729;2.17;;;0.00;0.00;3.92;aucune;1.729;2.17;1.729;2.17;;;0.00;;30;;;;1703.5;1698;63.9;63.6;35.6;34.1;-73.5;-56.7;88;116;;;;;-0.35;-0.35;;1;
atp_stuttgart_aleksandar_kovacevic_vs_yannick_hanfmann;2026-06-09;Yannick Hanfmann;Aleksandar Kovacevic;Grass;ATP Stuttgart;1.584;2.46;;;0.00;0.00;3.78;aucune;1.584;2.46;1.584;2.46;;;0.00;;50;;;;1646.1;1482.9;66.3;66.4;35.8;30.3;-54.9;-0.6;59;69;;;;;-0.44;-0.44;;1;
atp_stuttgart_daniel_altmaier_vs_frances_tiafoe;2026-06-09;Frances Tiafoe;Daniel Altmaier;Grass;ATP Stuttgart;1.444;2.89;;;0.00;0.00;3.85;aucune;1.444;2.89;1.444;2.89;;;0.00;;63;;;;1739.1;1536.3;65.6;62.7;35.1;32.9;12.4;43.4;26;85;;;;;-0.96;-0.96;;1;
atp_stuttgart_alexis_galarneau_vs_jan-lennard_struff;2026-06-09;Jan-Lennard Struff;Alexis Galarneau;Grass;ATP Stuttgart;1.505;2.68;;;0.00;0.00;3.76;aucune;1.505;2.68;1.505;2.68;;;0.00;;31;;;;1617.2;1502.9;64.5;;36;;-12.1;;77;187;;;;;0.87;0.87;;1;
atp_stuttgart_quentin_halys_vs_sho_shimabukuro;2026-06-09;Quentin Halys;Sho Shimabukuro;Grass;ATP Stuttgart;1.699;2.23;;;0.00;0.00;3.70;aucune;1.699;2.23;1.699;2.23;;;0.00;;54;;;;1634.8;1565.6;65.5;67.6;33.1;31.5;70.1;;92;104;;;;;-1.74;-1.74;;0;
wta_london_harriet_dart_vs_liudmila_samsonova;2026-06-08;Liudmila Samsonova;Harriet Dart;Hard;WTA London;1.454;2.85;;;0.00;0.00;3.86;aucune;1.454;2.85;1.454;2.85;;;0.00;;46;;;;1744;1592.1;59.7;;42.2;;-42.5;20.9;35;160;0V1D;1V0D;;;-0.27;-0.27;;0;
wta_london_jaqueline_cristian_vs_qinwen_zheng;2026-06-08;Qinwen Zheng;Jaqueline Cristian;Hard;WTA London;1.432;2.93;;;0.00;0.00;3.96;aucune;1.432;2.93;1.432;2.93;;;0.00;;59;;;;1860.1;1795.8;60.2;56.5;42.1;41.8;-25.0;-5.4;122;38;2V1D;2V1D;;;-0.42;-0.42;;0;
wta_london_katie_boulter_vs_leylah_fernandez;2026-06-08;Leylah Fernandez;Katie Boulter;Hard;WTA London;1.909;1.943;;;0.00;0.00;3.85;aucune;1.909;1.943;1.909;1.943;;;0.00;;51;;;;1801.6;1787.4;60.3;56.4;42;43.8;20.1;-0.8;23;73;1V1D;2V1D;;;-1.75;-4.55;;0;
wta_london_francesca_jones_vs_laura_siegemund;2026-06-08;Laura Siegemund;Francesca Jones;Hard;WTA London;1.512;2.65;;;0.00;0.00;3.87;aucune;1.512;2.65;1.512;2.65;;;0.00;;63;;;;1721.1;1605.2;55.6;53.3;43.7;40.6;23.0;-8.2;44;98;1V1D;1V1D;;;3.99;3.99;;1;
wta_s-hertogenbosch_ekaterina_alexandrova_vs_panna_udvardy;2026-06-08;Ekaterina Alexandrova;Panna Udvardy;Grass;WTA S-Hertogenbosch;1.294;3.83;;;0.00;0.00;3.39;aucune;1.294;3.83;1.294;3.83;;;0.00;;58;;;;1761.3;1557.2;60.1;56.4;44.3;42.6;-75.7;90.8;17;65;;;;;0.00;0.00;;0;
wta_s-hertogenbosch_kimberly_birrell_vs_magda_linette;2026-06-08;Magda Linette;Kimberly Birrell;Grass;WTA S-Hertogenbosch;1.806;2.08;;;0.00;0.00;3.45;aucune;1.806;2.08;1.806;2.08;;;0.00;;34;;;;1626.3;1611.7;57;56.2;40.3;41.8;18.8;-48.4;60;74;;;;;0.00;0.00;;1;
wta_s-hertogenbosch_bianca_andreescu_vs_elise_mertens;2026-06-08;Elise Mertens;Bianca Andreescu;Grass;WTA S-Hertogenbosch;1.434;2.97;;;0.00;0.00;3.41;aucune;1.434;2.97;1.434;2.97;;;0.00;;50;;;;1767.2;1614.7;61.2;58.1;44.8;39.7;-16.1;4.3;22;158;;;;;0.00;0.00;;1;
wta_s-hertogenbosch_daria_kasatkina_vs_robin_montgomery;2026-06-08;Daria Kasatkina;Robin Montgomery;Grass;WTA S-Hertogenbosch;1.578;2.47;;;0.00;0.00;3.86;aucune;1.578;2.47;1.578;2.47;;;0.00;;45;;;;1707.9;1632.9;52.5;48.7;47.3;35.1;9.2;-24.7;66;484;;;;;-2.41;-2.41;;0;
wta_s-hertogenbosch_daria_snigur_vs_paula_badosa;2026-06-08;Daria Snigur;Paula Badosa;Grass;WTA S-Hertogenbosch;1.909;1.943;;;0.00;0.00;3.85;aucune;1.909;1.943;1.909;1.943;;;0.00;;43;;;;1612.5;1635.1;53.9;56.4;47.6;42.4;21.6;-58.8;84;141;;;;;1.70;1.70;;1;
wta_s-hertogenbosch_clara_tauson_vs_mia_pohankova;2026-06-08;Clara Tauson;Mia Pohankova;Grass;WTA S-Hertogenbosch;1.529;2.6;;;0.00;0.00;3.86;aucune;1.529;2.6;1.529;2.6;;;0.00;;38;;;;1683.2;1508.5;60.2;;42.5;;-72.4;;24;280;;;;;0.00;0.00;;0;
wta_s-hertogenbosch_elena-gabriela_ruse_vs_tamara_korpatsch;2026-06-09;Elena-Gabriela Ruse;Tamara Korpatsch;Grass;WTA S-Hertogenbosch;1.389;3.14;;;0.00;0.00;3.84;aucune;1.389;3.14;1.389;3.14;;;0.00;;72;;;;1686.1;1461.4;55.3;54.5;43.4;46.5;51.6;28.0;88;79;;;;;-0.29;-0.29;;1;
wta_s-hertogenbosch_lois_boisson_vs_solana_sierra;2026-06-09;Solana Sierra;Lois Boisson;Grass;WTA S-Hertogenbosch;1.595;2.43;;;0.00;0.00;3.85;aucune;1.595;2.43;1.595;2.43;;;0.00;;54;;;;1600;1523.8;54.6;59.8;41.9;43.3;82.4;-28.3;56;155;;;;;1.53;3.98;;1;
wta_s-hertogenbosch_anastasia_potapova_vs_suzan_lamens;2026-06-09;Anastasia Potapova;Suzan Lamens;Grass;WTA S-Hertogenbosch;1.283;3.86;;;0.00;0.00;3.85;aucune;1.283;3.86;1.283;3.86;;;0.00;;72;;;;1703.7;1492.9;55.3;52;44.7;43.7;140.1;;27;125;;;;;-2.80;-2.80;;1;
wta_s-hertogenbosch_dayana_yastremska_vs_sara_bejlek;2026-06-09;Dayana Yastremska;Sara Bejlek;Grass;WTA S-Hertogenbosch;1.617;2.38;;;0.00;0.00;3.86;aucune;1.617;2.38;1.617;2.38;;;0.00;;50;;;;1700.3;1509.1;56.3;57;42.4;47.6;-40.9;-33.9;49;46;;;;;-0.49;-0.49;;1;
wta_s-hertogenbosch_caty_mcnally_vs_emma_navarro;2026-06-09;Emma Navarro;Caty McNally;Grass;WTA S-Hertogenbosch;1.74;2.15;;;0.00;0.00;3.98;aucune;1.74;2.15;1.74;2.15;;;0.00;;43;;;;1716.5;1703.8;58.1;56.5;43.3;44.2;68.4;99.1;25;59;;;;;-1.64;-1.64;;0;api_fast
wta_s-hertogenbosch_barbora_krejcikova_vs_renata_zarazua;2026-06-09;Barbora Krejcikova;Renata Zarazua;Grass;WTA S-Hertogenbosch;1.227;4.47;;;0.00;0.00;3.87;aucune;1.227;4.47;1.227;4.47;;;0.00;;58;;;;1762.6;1555.9;58.7;55.5;43.8;44.2;-14.5;19.4;45;77;;;;;-0.32;-0.32;;1;
wta_s-hertogenbosch_ajla_tomljanovic_vs_jessica_bouzas_maneiro;2026-06-09;Jessica Bouzas Maneiro;Ajla Tomljanovic;Grass;WTA S-Hertogenbosch;1.813;2.06;;;0.00;0.00;3.70;aucune;1.813;2.06;1.813;2.06;;;0.00;;34;;;;1630.9;1664.8;56.1;56.4;45;43.3;-22.9;-88.5;54;109;;;;;-2.21;-2.21;;0;api_fast
wta_s-hertogenbosch_magda_linette_vs_mia_pohankova;2026-06-10;Magda Linette;Mia Pohankova;Grass;WTA S-Hertogenbosch;;;0.5000;0.5000;0.00;0.00;0.00;aucune;;;;;;;;;8;;;;1626.3;1508.5;57;;40.3;;18.8;;60;280;;;;;-1.47;-1.47;;1;oddspapi
wta_queen's_club_championships_alexandra_eala_vs_shuai_zhang;2026-06-09;Alexandra Eala;Shuai Zhang;Hard;WTA Queen's Club Championships;1.51;2.55;0.6100;0.7800;-7.89;98.90;5.44;aucune;1.54;2.64;1.57;2.75;1.5167346938775508;2.5440816326530618;-1.95;-0.44;59;;;;1812.7;1691.2;55.7;55.3;44.9;42.4;-24.5;-27.2;33;64;2V1D;0V1D;;;;;;1;
wta_queen's_club_championships_maria_sakkari_vs_tatjana_maria;2026-06-09;Tatjana Maria;Maria Sakkari;Hard;WTA Queen's Club Championships;1.85;1.94;0.8600;0.8600;59.10;66.84;5.60;aucune;1.95;1.93;1.95;2.08;1.8524999999999994;1.9474999999999998;-5.13;-0.13;58;;;;1571.2;1809.8;56;56.9;40.7;41.6;49.4;-52.3;52;37;0V1D;0V1D;;;;;;1;
wta_queen's_club_championships_marta_kostyuk_vs_mika_stojsavljevic;2026-06-09;Marta Kostyuk;Mika Stojsavljevic;Hard;WTA Queen's Club Championships;1.16;5.2;0.7700;0.1050;-10.68;-45.40;5.44;aucune;1.18;5.37;1.19;6;1.1591666666666665;5.1513888888888895;-1.69;0.07;67;;;;1955.1;1414.9;59.1;;46.2;;138.0;21.0;12;261;2V1D;1V0D;;;;;;;
wta_queen's_club_championships_marie_bouzkova_vs_polina_kudermetova;2026-06-09;Marie Bouzkova;Polina Kudermetova;Hard;WTA Queen's Club Championships;1.44;2.8;0.6000;0.2700;-13.60;-24.40;5.16;aucune;1.47;2.86;1.48;2.98;1.43875;2.770833333333334;-2.04;0.09;58;;;;1772.9;1636.5;56.3;52.9;46.3;41.1;9.8;10.4;28;121;2V2D;;;;0.00;0.00;;1;
wta_queen's_club_championships_francesca_jones_vs_laura_siegemund;2026-06-09;Laura Siegemund;Francesca Jones;Hard;WTA Queen's Club Championships;1.38;3.05;0.6000;0.2900;-17.20;-11.55;5.25;aucune;1.4;3.18;1.41;3.35;1.368333333333333;3.09375;-1.43;0.85;53;;;;1721.1;1605.2;55.6;53.3;43.7;40.6;23.0;-8.2;44;98;1V1D;1V1D;;;3.99;3.99;;1;
wta_queen's_club_championships_belinda_bencic_vs_harriet_dart;2026-06-10;Belinda Bencic;Harriet Dart;Hard;WTA Queen's Club Championships;1.15;4.7;0.8700;0.1300;0.05;-38.90;8.23;aucune;1.15;6.11;1.18;6.4;1.148529411764706;5.326176470588234;0.00;0.13;55;;;;1948.9;1592.1;60.4;;43.7;;-18.9;20.9;11;160;3V2D;1V0D;;;1.20;1.20;;;
wta_queen's_club_championships_karolina_pliskova_vs_victoria_mboko;2026-06-10;Victoria Mboko;Karolina Pliskova;Hard;WTA Queen's Club Championships;1.44;2.65;0.7600;0.3250;9.44;-13.88;7.18;aucune;1.52;2.66;1.53;2.75;1.4881818181818183;2.573939393939394;-5.26;-3.24;69;;;;2025.6;1807.3;60.3;59.4;43.4;41.4;-28.0;82.9;9;106;3V1D;;;;2.63;2.63;abandon;0;api_fast
wta_s-hertogenbosch_daria_snigur_vs_panna_udvardy;2026-06-10;Daria Snigur;Panna Udvardy;Grass;WTA S-Hertogenbosch;1.465;2.81;;;0.00;0.00;3.85;aucune;1.465;2.81;1.465;2.81;;;0.00;;43;;;;1612.5;1557.2;53.9;56.4;47.6;42.6;21.6;90.8;84;65;;;;;3.31;3.31;;1;oddspapi
atp_s-hertogenbosch_kamil_majchrzak_vs_otto_virtanen;2026-06-09;Otto Virtanen;Kamil Majchrzak;Grass;ATP S-Hertogenbosch;1.925;1.943;;;0.00;0.00;3.41;aucune;1.925;1.943;1.925;1.943;;;0.00;;30;;;;1680.2;1666.7;54.3;63.5;41.8;36.3;-15.9;-21.6;158;76;;;;;0.00;4.22;;0;
atp_s-hertogenbosch_alex_de_minaur_vs_martin_damm_jr;2026-06-10;Alex de Minaur;Martin Damm Jr;Grass;ATP S-Hertogenbosch;1.352;3.35;;;0.00;0.00;3.82;aucune;1.352;3.35;1.352;3.35;;;0.00;;46;;;;1819.9;1500.0;65.8;;39.6;;-81.0;;6;2071;;;;;-1.24;-1.24;;1;oddspapi
atp_s-hertogenbosch_benjamin_bonzi_vs_ugo_humbert;2026-06-10;Ugo Humbert;Benjamin Bonzi;Grass;ATP S-Hertogenbosch;1.529;2.6;;;0.00;0.00;3.86;aucune;1.529;2.6;1.529;2.6;;;0.00;;40;;;;1711.9;1635.4;66.8;64.1;34.2;33.9;-24.6;9.0;33;99;;;;;5.30;5.30;;0;oddspapi
atp_s-hertogenbosch_marin_cilic_vs_nuno_borges;2026-06-10;Marin Cilic;Nuno Borges;Grass;ATP S-Hertogenbosch;1.806;2.06;;;0.00;0.00;3.91;aucune;1.806;2.06;1.806;2.06;;;0.00;;50;;;;1776.3;1598.5;66.7;64.7;32.9;34.5;-13.1;3.9;47;50;;;;;-7.05;-7.05;;1;oddspapi
atp_stuttgart_mattia_bellucci_vs_yannick_hanfmann;2026-06-10;Yannick Hanfmann;Mattia Bellucci;Grass;ATP Stuttgart;1.819;2.05;;;0.00;0.00;3.76;aucune;1.819;2.05;1.819;2.05;;;0.00;;34;;;;1646.1;1624;66.3;61.2;35.8;34.9;-54.9;-8.6;59;78;;;;;0.00;0.00;;0;
atp_stuttgart_alexander_bublik_vs_jan-lennard_struff;2026-06-10;Jan-Lennard Struff;Alexander Bublik;Grass;ATP Stuttgart;;;0.5000;0.5000;0.00;0.00;0.00;aucune;;;;;;;;;25;;;;1617.2;1829.1;64.5;68.1;36;35.1;-12.1;-71.7;77;11;;;;;0.00;0.00;;0;oddspapi
atp_stuttgart_martin_landaluce_vs_taylor_fritz;2026-06-10;Taylor Fritz;Martin Landaluce;Grass;ATP Stuttgart;1.526;2.61;;;0.00;0.00;3.84;aucune;1.526;2.61;1.526;2.61;;;0.00;;50;;;;1809.3;1669.1;70.7;64.2;34.4;32.7;-48.7;157.8;9;58;;;;;7.77;7.77;;1;oddspapi
atp_stuttgart_ben_shelton_vs_marcos_giron;2026-06-10;Ben Shelton;Marcos Giron;Grass;ATP Stuttgart;1.395;3.11;;;0.00;0.00;3.84;aucune;1.395;3.11;1.395;3.11;;;0.00;;40;;;;1792.2;1703.5;70.1;63.9;32.9;35.6;-93.4;-73.5;5;88;;;;;0.79;0.79;;1;
wta_london_emma_raducanu_vs_sorana_cirstea;2026-06-10;Sorana Cirstea;Emma Raducanu;Hard;WTA London;;;0.5000;0.5000;0.00;0.00;0.00;aucune;;;;;;;;;18;;;;1915.8;1769.9;61.9;57.7;44.7;44.8;65.7;-38.5;18;42;3V1D;;;;-7.78;-7.78;;0;oddspapi
wta_london_jaqueline_cristian_vs_katie_boulter;2026-06-10;Jaqueline Cristian;Katie Boulter;Hard;WTA London;;;0.5000;0.5000;0.00;0.00;0.00;aucune;;;;;;;;;2;;;;1795.8;1787.4;56.5;56.4;41.8;43.8;-5.4;-0.8;38;73;2V1D;2V1D;;;-17.01;-17.01;;0;oddspapi
wta_london_karolina_pliskova_vs_victoria_mboko;2026-06-10;Victoria Mboko;Karolina Pliskova;Hard;WTA London;1.675;2.26;;;0.00;0.00;3.95;aucune;1.675;2.26;1.675;2.26;;;0.00;;79;;;;2025.6;1807.3;60.3;59.4;43.4;41.4;-28.0;82.9;9;106;3V1D;;;;2.63;2.63;abandon;0;api_fast
wta_london_belinda_bencic_vs_harriet_dart;2026-06-10;Belinda Bencic;Harriet Dart;Hard;WTA London;1.265;4.02;;;0.00;0.00;3.93;aucune;1.265;4.02;1.265;4.02;;;0.00;;63;;;;1948.9;1592.1;60.4;;43.7;;-18.9;20.9;11;160;3V2D;1V0D;;;1.20;1.20;;;
atp_s-hertogenbosch_james_mccabe_vs_zizou_bergs;2026-06-09;Zizou Bergs;James McCabe;Grass;ATP S-Hertogenbosch;1.578;2.5;;;0.00;0.00;3.37;aucune;1.578;2.5;1.578;2.5;;;0.00;;38;;;;1655.8;1503.1;63;;35.5;;-28.4;;40;233;;;;;0.00;0.00;;0;
wta_london_alexandra_eala_vs_iva_jovic;2026-06-10;Iva Jovic;Alexandra Eala;Hard;WTA London;;;0.5000;0.5000;0.00;0.00;0.00;aucune;;;;;;;;;6;;;;1836.2;1812.7;58.7;55.7;45.5;44.9;3.1;-24.5;19;33;1V3D;2V1D;;;0.00;0.00;;1;
wta_s-hertogenbosch_elena-gabriela_ruse_vs_elise_mertens;2026-06-10;Elena-Gabriela Ruse;Elise Mertens;Grass;WTA S-Hertogenbosch;;;0.5000;0.5000;0.00;0.00;0.00;aucune;;;;;;;;;11;;;;1686.1;1767.2;55.3;61.2;43.4;44.8;51.6;-16.1;88;22;;;;;-23.82;-23.82;;1;oddspapi
atp_s-hertogenbosch_adrian_mannarino_vs_arthur_rinderknech;2026-06-11;Arthur Rinderknech;Adrian Mannarino;Grass;ATP S-Hertogenbosch;1.709;2.21;0.5400;0.4500;-7.71;-0.55;3.76;aucune;1.709;2.21;1.709;2.21;;;0.00;;34;;;;1680.6;1651.9;67.1;64.4;31.9;35.1;-24.6;-97.1;24;46;;;;;-4.04;-7.12;;0;oddspapi
atp_stuttgart_james_duckworth_vs_jiri_lehecka;2026-06-11;Jiri Lehecka;James Duckworth;Grass;ATP Stuttgart;1.409;3.03;0.9500;0.2000;33.85;-39.40;3.98;aucune;1.409;3.03;1.409;3.03;;;0.00;;68;;;;1805.9;1572.6;67.9;63.4;34.8;33.4;43.6;-7.6;12;79;;;;;7.48;7.48;;1;oddspapi
atp_stuttgart_frances_tiafoe_vs_rinky_hijikata;2026-06-11;Frances Tiafoe;Rinky Hijikata;Grass;ATP Stuttgart;1.507;2.67;0.6500;0.2300;-2.05;-38.59;3.81;aucune;1.507;2.67;1.507;2.67;;;0.00;;54;;;;1739.1;1601.8;65.6;63.1;35.1;34.8;12.4;-14.4;26;106;;;;;8.89;8.89;;1;oddspapi
wta_london_amanda_anisimova_vs_laura_siegemund;2026-06-10;Amanda Anisimova;Laura Siegemund;Hard;WTA London;1.411;3.08;0.6520;0.2630;-8.00;-19.00;3.34;aucune;1.411;3.08;1.411;3.08;;;0.00;;69;;;;1889;1721.1;60.4;55.6;45.2;43.7;-29.9;23.0;5;44;2V1D;1V1D;;;0.00;0.00;;1;api_fast
wta_london_donna_vekic_vs_marie_bouzkova;2026-06-10;Marie Bouzkova;Donna Vekic;Hard;WTA London;1.699;2.23;0.5510;0.4300;-6.39;-4.11;3.70;aucune;1.699;2.23;1.699;2.23;;;0.00;;51;;;;1772.9;1720.3;56.3;55.1;46.3;41.5;9.8;41.3;28;76;2V2D;;;;0.00;0.00;;0;oddspapi
wta_s-hertogenbosch_greet_minnen_vs_robin_montgomery;2026-06-10;Greet Minnen;Robin Montgomery;Grass;WTA S-Hertogenbosch;1.74;2.16;0.5870;0.3890;2.14;-15.98;3.77;aucune;1.74;2.16;1.74;2.16;;;0.00;;43;;;;1654.5;1632.9;53.5;48.7;38;35.1;24.1;-24.7;202;484;;;;;4.13;4.13;;0;oddspapi
atp_s-hertogenbosch_james_mccabe_vs_kamil_majchrzak;2026-06-11;Kamil Majchrzak;James McCabe;Grass;ATP S-Hertogenbosch;1.352;3.46;;;0.00;0.00;2.87;aucune;1.352;3.46;1.38;3.46;1.353;3.215;0.00;-0.07;31;;;;1666.7;1503.1;63.5;;36.3;;-21.6;;76;233;;;;;-0.07;-0.88;;1;oddspapi
atp_s-hertogenbosch_tallon_griekspoor_vs_zhizhen_zhang;2026-06-11;Tallon Griekspoor;Zhizhen Zhang;Grass;ATP S-Hertogenbosch;1.389;3.23;;;0.00;0.00;2.95;aucune;1.389;3.23;1.42;3.23;1.38225;3.0774999999999997;0.00;0.49;40;;;;1768.7;1587.4;65.4;62.6;32.5;29.8;-94.2;-61.6;41;214;;;;;-1.56;-1.56;;0;oddspapi
atp_s-hertogenbosch_felix_auger-aliassime_vs_marton_fucsovics;2026-06-11;Felix Auger-Aliassime;Marton Fucsovics;Grass;ATP S-Hertogenbosch;1.425;3.01;;;0.00;0.00;3.40;aucune;1.425;3.01;1.425;3.05;1.40125;2.9775;0.00;1.69;18;;;;;1714.3;;63.9;;37.7;;-61.0;;75;;;;;-0.42;-1.18;;1;oddspapi
atp_s-hertogenbosch_daniil_medvedev_vs_thijs_boogaard;2026-06-11;Daniil Medvedev;Thijs Boogaard;Grass;ATP S-Hertogenbosch;1.089;7.98;;;0.00;0.00;4.36;aucune;1.089;7.98;1.09;7.98;1.08475;7.532500000000001;0.00;0.39;46;;;;1883;1500.0;66.2;;39.8;;-66.0;;8;779;;;;;-0.55;-0.37;;1;oddspapi
atp_stuttgart_nick_kyrgios_vs_sho_shimabukuro;2026-06-11;Nick Kyrgios;Sho Shimabukuro;Grass;ATP Stuttgart;1.609;2.45;;;0.00;0.00;2.97;aucune;1.609;2.45;1.609;2.45;1.5772499999999998;2.4000000000000004;0.00;2.01;21;;;;1667.3;1565.6;;67.6;;31.5;;;835;104;;;;;4.19;4.19;;0;oddspapi
wta_london_harriet_dart_vs_kamilla_rakhimova;2026-06-11;Kamilla Rakhimova;Harriet Dart;Hard;WTA London;1.925;1.961;;;0.00;0.00;2.94;aucune;1.925;1.961;1.925;1.961;1.89625;1.91775;0.00;1.52;42;;;;1675.6;1592.1;53.7;;43;;-0.2;20.9;78;160;1V1D;1V0D;;;-9.62;-8.77;;1;oddspapi
wta_london_elena_rybakina_vs_tatjana_maria;2026-06-11;Elena Rybakina;Tatjana Maria;Hard;WTA London;1.216;4.84;;;0.00;0.00;2.90;aucune;1.216;4.84;1.22;4.84;1.2115;4.46;0.00;0.37;85;;;;2136;1571.2;65.1;56;42.7;40.7;-20.6;49.4;2;52;4V1D;0V1D;;;10.04;9.86;;1;oddspapi
wta_s-hertogenbosch_caty_mcnally_vs_solana_sierra;2026-06-11;Caty McNally;Solana Sierra;Grass;WTA S-Hertogenbosch;;;0.5000;0.5000;0.00;0.00;0.00;aucune;;;;;;;;;11;;;;1703.8;1600;56.5;54.6;44.2;41.9;99.1;82.4;59;56;;;;;6.65;6.65;;1;oddspapi
wta_s-hertogenbosch_anastasia_potapova_vs_zeynep_sonmez;2026-06-11;Anastasia Potapova;Zeynep Sonmez;Grass;WTA S-Hertogenbosch;1.529;2.66;;;0.00;0.00;3.00;aucune;1.529;2.66;1.529;2.7;1.47475;2.6775;0.00;3.68;45;;;;1703.7;1629.1;55.3;54.4;44.7;45;140.1;14.0;27;67;;;;;0.00;0.00;;0;oddspapi
wta_s-hertogenbosch_barbora_krejcikova_vs_hanne_vandewinkel;2026-06-11;Barbora Krejcikova;Hanne Vandewinkel;Grass;WTA S-Hertogenbosch;1.214;4.76;;;0.00;0.00;3.38;aucune;1.214;4.76;1.24;4.76;1.216;4.3525;0.00;-0.16;50;;;;1762.6;1523.4;58.7;54.2;43.8;41.7;-14.5;15.8;45;97;;;;;-2.49;-2.10;;1;oddspapi
wta_s-hertogenbosch_ajla_tomljanovic_vs_dayana_yastremska;2026-06-11;Dayana Yastremska;Ajla Tomljanovic;Grass;WTA S-Hertogenbosch;1.653;2.33;;;0.00;0.00;3.41;aucune;1.653;2.33;1.653;2.33;1.6282500000000002;2.2775;0.00;1.52;34;;;;1700.3;1664.8;56.3;56.4;42.4;43.3;-40.9;-88.5;49;109;;;;;-1.61;-2.99;;0;oddspapi
atp_s-hertogenbosch_adrian_mannarino_vs_zhizhen_zhang;2026-06-12;Adrian Mannarino;Zhizhen Zhang;Grass;ATP S-Hertogenbosch;1.684;2.3;;;0.00;0.00;2.86;aucune;1.684;2.3;1.684;2.3;1.646;2.2625;0.00;2.31;32;;;;1651.9;1587.4;64.4;62.6;35.1;29.8;-97.1;-61.6;46;214;;;;;1.08;0.00;;;
atp_s-hertogenbosch_alex_de_minaur_vs_benjamin_bonzi;2026-06-12;Alex de Minaur;Benjamin Bonzi;Grass;ATP S-Hertogenbosch;1.242;4.46;;;0.00;0.00;2.94;aucune;1.242;4.46;1.242;4.5;1.2155;4.390000000000001;0.00;2.18;40;;;;1819.9;1635.4;65.8;64.1;39.6;33.9;-81.0;9.0;6;99;;;;;0.16;0.16;;;
atp_s-hertogenbosch_felix_auger-aliassime_vs_kamil_majchrzak;2026-06-12;Felix Auger-Aliassime;Kamil Majchrzak;Grass;ATP S-Hertogenbosch;1.374;3.31;;;0.00;0.00;2.99;aucune;1.374;3.31;1.374;3.35;1.3435000000000001;3.2775;0.00;2.27;12;;;;;1666.7;;63.5;;36.3;;-21.6;;76;;;;;0.81;2.69;;;
atp_s-hertogenbosch_qf3_vs_qf4;2026-06-12;Qf3;Qf4;Grass;ATP S-Hertogenbosch;;;0.5000;0.5000;0.00;0.00;0.00;aucune;;;;;;;;;;;;;;;;;;;;;;;;;;;;;;;
atp_s-hertogenbosch_wqf1_vs_wqf2;2026-06-13;WQF1;WQF2;Grass;ATP S-Hertogenbosch;;;0.5000;0.5000;0.00;0.00;0.00;aucune;;;;;;;;;;;;;;;;;;;;;;;;;;;;;;;
atp_s-hertogenbosch_wqf3_vs_wqf4;2026-06-13;WQF3;WQF4;Grass;ATP S-Hertogenbosch;;;0.5000;0.5000;0.00;0.00;0.00;aucune;;;;;;;;;;;;;;;;;;;;;;;;;;;;;;;
atp_s-hertogenbosch_wsf1_vs_wsf2;2026-06-14;WSF1;WSF2;Grass;ATP S-Hertogenbosch;;;0.5000;0.5000;0.00;0.00;0.00;aucune;;;;;;;;;;;;;;;;;;;;;;;;;;;;;;;
atp_stuttgart_alexander_bublik_vs_giovanni_mpetshi_perricard;2026-06-12;Alexander Bublik;Giovanni Mpetshi Perricard;Grass;ATP Stuttgart;1.51;2.73;;;0.00;0.00;2.86;aucune;1.51;2.73;1.51;2.73;1.4925;2.6325;0.00;1.17;50;;;;1829.1;1648.3;68.1;70.3;35.1;26.5;-71.7;-22.8;11;93;;;;;-3.08;-1.95;;;
atp_stuttgart_mattia_bellucci_vs_taylor_fritz;2026-06-12;Taylor Fritz;Mattia Bellucci;Grass;ATP Stuttgart;1.317;3.7;;;0.00;0.00;2.96;aucune;1.317;3.7;1.317;3.7;1.2956666666666667;3.6;0.00;1.65;50;;;;1809.3;1624;70.7;61.2;34.4;34.9;-48.7;-8.6;9;78;;;;;0.38;1.15;;;
atp_stuttgart_qf1_vs_sho_shimabukuro;2026-06-12;Qf1;Sho Shimabukuro;Grass;ATP Stuttgart;;;0.5000;0.5000;0.00;0.00;0.00;aucune;;;;;;;;;;;;;;1565.6;;67.6;;31.5;;;;104;;;;;;;;;
atp_stuttgart_frances_tiafoe_vs_jiri_lehecka;2026-06-12;Jiri Lehecka;Frances Tiafoe;Grass;ATP Stuttgart;1.781;2.14;;;0.00;0.00;2.88;aucune;1.781;2.14;1.781;2.14;1.74275;2.1;0.00;2.19;40;;;;1805.9;1739.1;67.9;65.6;34.8;35.1;43.6;12.4;12;26;;;;;-0.34;-0.34;;;
atp_stuttgart_wqf3_vs_wqf4;2026-06-13;WQF3;WQF4;Grass;ATP Stuttgart;;;0.5000;0.5000;0.00;0.00;0.00;aucune;;;;;;;;;;;;;;;;;;;;;;;;;;;;;;;
atp_stuttgart_wqf1_vs_wqf2;2026-06-13;WQF1;WQF2;Grass;ATP Stuttgart;;;0.5000;0.5000;0.00;0.00;0.00;aucune;;;;;;;;;;;;;;;;;;;;;;;;;;;;;;;
atp_stuttgart_wsf1_vs_wsf2;2026-06-14;WSF1;WSF2;Grass;ATP Stuttgart;;;0.5000;0.5000;0.00;0.00;0.00;aucune;;;;;;;;;;;;;;;;;;;;;;;;;;;;;;;
wta_london_amanda_anisimova_vs_iva_jovic;2026-06-12;Amanda Anisimova;Iva Jovic;Hard;WTA London;1.793;2.1;;;0.00;0.00;3.39;aucune;1.793;2.1;1.793;2.12;1.7607499999999998;2.0700000000000003;0.00;1.83;52;;;;1889;1836.2;60.4;58.7;45.2;45.5;-29.9;3.1;5;19;2V1D;1V3D;;;4.92;6.16;;;
wta_london_karolina_pliskova_vs_qf4;2026-06-12;Karolina Pliskova;Qf4;Hard;WTA London;;;0.5000;0.5000;0.00;0.00;0.00;aucune;;;;;;;;;;;;;1807.3;;59.4;;41.4;;82.9;;106;;;;;;;;;;
wta_london_qf1_vs_qf2;2026-06-12;Qf1;Qf2;Hard;WTA London;;;0.5000;0.5000;0.00;0.00;0.00;aucune;;;;;;;;;;;;;;;;;;;;;;;;;;;;;;;
wta_london_qf5_vs_qf6;2026-06-12;Qf5;Qf6;Hard;WTA London;;;0.5000;0.5000;0.00;0.00;0.00;aucune;;;;;;;;;;;;;;;;;;;;;;;;;;;;;;;
wta_london_wqf3_vs_wqf4;2026-06-13;WQF3;WQF4;Hard;WTA London;;;0.5000;0.5000;0.00;0.00;0.00;aucune;;;;;;;;;;;;;;;;;;;;;;;;;;;;;;;
wta_london_wqf1_vs_wqf2;2026-06-13;WQF1;WQF2;Hard;WTA London;;;0.5000;0.5000;0.00;0.00;0.00;aucune;;;;;;;;;;;;;;;;;;;;;;;;;;;;;;;
wta_london_wsf1_vs_wsf2;2026-06-14;WSF1;WSF2;Hard;WTA London;;;0.5000;0.5000;0.00;0.00;0.00;aucune;;;;;;;;;;;;;;;;;;;;;;;;;;;;;;;
wta_s-hertogenbosch_barbora_krejcikova_vs_elena-gabriela_ruse;2026-06-12;Barbora Krejcikova;Elena-Gabriela Ruse;Grass;WTA S-Hertogenbosch;1.549;2.57;;;0.00;0.00;3.47;aucune;1.549;2.57;1.549;2.75;1.5072500000000002;2.58;0.00;2.77;32;;;;1762.6;1686.1;58.7;55.3;43.8;43.4;-14.5;51.6;45;88;;;;;2.45;0.98;;;
wta_s-hertogenbosch_magda_linette_vs_zeynep_sonmez;2026-06-12;Zeynep Sonmez;Magda Linette;Grass;WTA S-Hertogenbosch;1.884;1.98;;;0.00;0.00;3.58;aucune;1.884;1.98;1.91;1.98;1.881;1.9174999999999998;0.00;0.16;34;;;;1629.1;1626.3;54.4;57;45;40.3;14.0;18.8;67;60;;;;;2.39;3.18;;;
wta_s-hertogenbosch_daria_snigur_vs_robin_montgomery;2026-06-12;Daria Snigur;Robin Montgomery;Grass;WTA S-Hertogenbosch;1.714;2.22;;;0.00;0.00;3.39;aucune;1.714;2.22;1.714;2.22;1.6885;2.1800000000000006;0.00;1.51;43;;;;1612.5;1632.9;53.9;48.7;47.6;35.1;21.6;-24.7;84;484;;;;;-3.11;-3.11;;;
wta_s-hertogenbosch_qf3_vs_qf4;2026-06-12;Qf3;Qf4;Grass;WTA S-Hertogenbosch;;;0.5000;0.5000;0.00;0.00;0.00;aucune;;;;;;;;;;;;;;;;;;;;;;;;;;;;;;;
wta_s-hertogenbosch_wqf3_vs_wqf4;2026-06-13;WQF3;WQF4;Grass;WTA S-Hertogenbosch;;;0.5000;0.5000;0.00;0.00;0.00;aucune;;;;;;;;;;;;;;;;;;;;;;;;;;;;;;;
wta_s-hertogenbosch_wqf1_vs_wqf2;2026-06-13;WQF1;WQF2;Grass;WTA S-Hertogenbosch;;;0.5000;0.5000;0.00;0.00;0.00;aucune;;;;;;;;;;;;;;;;;;;;;;;;;;;;;;;
wta_s-hertogenbosch_wsf1_vs_wsf2;2026-06-14;WSF1;WSF2;Grass;WTA S-Hertogenbosch;;;0.5000;0.5000;0.00;0.00;0.00;aucune;;;;;;;;;;;;;;;;;;;;;;;;;;;;;;;
atp_s-hertogenbosch_kamil_majchrzak_vs_wqf2;2026-06-13;Kamil Majchrzak;WQF2;Grass;ATP S-Hertogenbosch;;;0.5000;0.5000;0.00;0.00;0.00;aucune;;;;;;;;;;;;;1666.7;;63.5;;36.3;;-21.6;;76;;;;;;;;;;
atp_s-hertogenbosch_adrian_mannarino_vs_alex_de_minaur;2026-06-13;Alex de Minaur;Adrian Mannarino;Grass;ATP S-Hertogenbosch;1.29;3.55;;;0.00;0.00;5.69;aucune;;;1.29;3.55;;;;;30;;;;1819.9;1651.9;65.8;64.4;39.6;35.1;-81.0;-97.1;6;46;;;;;1.88;1.88;;1;oddspapi
atp_stuttgart_alexander_bublik_vs_wqf4;2026-06-13;Alexander Bublik;WQF4;Grass;ATP Stuttgart;;;0.5000;0.5000;0.00;0.00;0.00;aucune;;;;;;;;;;;;;1829.1;;68.1;;35.1;;-71.7;;11;;;;;;;;;;
wta_london_iva_jovic_vs_wqf3;2026-06-13;WQF3;Iva Jovic;Hard;WTA London;;;0.5000;0.5000;0.00;0.00;0.00;aucune;;;;;;;;;;;;;;1836.2;;58.7;;45.5;;3.1;;19;;1V3D;;;;;;;
wta_london_donna_vekic_vs_wqf1;2026-06-13;WQF1;Donna Vekic;Hard;WTA London;;;0.5000;0.5000;0.00;0.00;0.00;aucune;;;;;;;;;;;;;;1720.3;;55.1;;41.5;;41.3;;76;;;;;;;;;
wta_s-hertogenbosch_barbora_krejcikova_vs_magda_linette;2026-06-13;Barbora Krejcikova;Magda Linette;Grass;WTA S-Hertogenbosch;;;0.5000;0.5000;0.00;0.00;0.00;aucune;;;;;;;;;18;;;;1762.6;1626.3;58.7;57;43.8;40.3;-14.5;18.8;45;60;;;;;2.82;1.99;;;
wta_s-hertogenbosch_robin_montgomery_vs_wqf2;2026-06-13;Robin Montgomery;WQF2;Grass;WTA S-Hertogenbosch;;;0.5000;0.5000;0.00;0.00;0.00;aucune;;;;;;;;;;;;;1632.9;;48.7;;35.1;;-24.7;;484;;;;;;;;;1;oddspapi
atp_stuttgart_jiri_lehecka_vs_wqf1;2026-06-13;WQF1;Jiri Lehecka;Grass;ATP Stuttgart;;;0.5000;0.5000;0.00;0.00;0.00;aucune;;;;;;;;;;;;;;1805.9;;67.9;;34.8;;43.6;;12;;;;;;;;;
atp_stuttgart_alexander_bublik_vs_taylor_fritz;2026-06-13;Alexander Bublik;Taylor Fritz;Grass;ATP Stuttgart;;;0.5000;0.5000;0.00;0.00;0.00;aucune;;;;;;;;;2;;;;1829.1;1809.3;68.1;70.7;35.1;34.4;-71.7;-48.7;11;9;;;;;-0.34;-0.68;;0;oddspapi
wta_london_donna_vekic_vs_katie_boulter;2026-06-13;Katie Boulter;Donna Vekic;Hard;WTA London;;;0.5000;0.5000;0.00;0.00;0.00;aucune;;;;;;;;;11;;;;1787.4;1720.3;56.4;55.1;43.8;41.5;-0.8;41.3;73;76;2V1D;;;;-8.25;-8.25;;0;oddspapi
atp_halle_r16p5_vs_r16p6;2026-06-17;R16P5;R16P6;Grass;ATP Halle;;;0.5000;0.5000;0.00;0.00;0.00;aucune;;;;;;;;;;;;;;;;;;;;;;;;;;;;;;;
atp_halle_r16p3_vs_r16p4;2026-06-17;R16P3;R16P4;Grass;ATP Halle;;;0.5000;0.5000;0.00;0.00;0.00;aucune;;;;;;;;;;;;;;;;;;;;;;;;;;;;;;;
atp_halle_r16p1_vs_r16p2;2026-06-17;R16P1;R16P2;Grass;ATP Halle;;;0.5000;0.5000;0.00;0.00;0.00;aucune;;;;;;;;;;;;;;;;;;;;;;;;;;;;;;;
atp_halle_r16p13_vs_r16p14;2026-06-17;R16P13;R16P14;Grass;ATP Halle;;;0.5000;0.5000;0.00;0.00;0.00;aucune;;;;;;;;;;;;;;;;;;;;;;;;;;;;;;;
atp_halle_r16p11_vs_r16p12;2026-06-17;R16P11;R16P12;Grass;ATP Halle;;;0.5000;0.5000;0.00;0.00;0.00;aucune;;;;;;;;;;;;;;;;;;;;;;;;;;;;;;;
atp_halle_r16p10_vs_r16p9;2026-06-17;R16P9;R16P10;Grass;ATP Halle;;;0.5000;0.5000;0.00;0.00;0.00;aucune;;;;;;;;;;;;;;;;;;;;;;;;;;;;;;;
atp_halle_r16p7_vs_r16p8;2026-06-17;R16P7;R16P8;Grass;ATP Halle;;;0.5000;0.5000;0.00;0.00;0.00;aucune;;;;;;;;;;;;;;;;;;;;;;;;;;;;;;;
atp_halle_r16p15_vs_r16p16;2026-06-17;R16P15;R16P16;Grass;ATP Halle;;;0.5000;0.5000;0.00;0.00;0.00;aucune;;;;;;;;;;;;;;;;;;;;;;;;;;;;;;;
atp_london_daniel_evans_vs_marcos_giron;2026-06-13;Marcos Giron;Daniel Evans;Hard;ATP London;1.297;3.73;;;0.00;0.00;3.91;aucune;1.297;3.73;1.297;3.73;1.2823333333333333;3.626666666666667;0.00;1.14;58;;;;1731.9;1573.1;63.9;60.4;35.6;36.5;-73.5;;88;217;0V1D;;;;0.00;-0.46;;1;oddspapi
atp_london_dino_prizmic_vs_rinky_hijikata;2026-06-13;Rinky Hijikata;Dino Prizmic;Hard;ATP London;1.833;2.03;;;0.00;0.00;3.82;aucune;1.833;2.03;1.85;2.03;1.8376666666666666;1.95;0.00;-0.25;40;;;;1661.4;1747.3;63.1;64.3;34.8;36.3;-14.4;103.9;106;70;;;;;3.27;1.83;;1;oddspapi
atp_london_giovanni_mpetshi_perricard_vs_johannus_monday;2026-06-13;Giovanni Mpetshi Perricard;Johannus Monday;Hard;ATP London;1.304;3.67;;;0.00;0.00;3.94;aucune;1.304;3.67;1.304;3.67;1.2970000000000002;3.585;0.00;0.54;46;;;;1668.9;1469.6;70.3;;26.5;;-22.8;;93;274;0V1D;;;;-1.14;-1.29;;1;oddspapi
atp_london_r16p1_vs_r16p2;2026-06-17;R16P1;R16P2;Hard;ATP London;;;0.5000;0.5000;0.00;0.00;0.00;aucune;;;;;;;;;;;;;;;;;;;;;;;;;;;;;;;
atp_london_r16p10_vs_r16p9;2026-06-17;R16P9;R16P10;Hard;ATP London;;;0.5000;0.5000;0.00;0.00;0.00;aucune;;;;;;;;;;;;;;;;;;;;;;;;;;;;;;;
atp_london_r16p7_vs_r16p8;2026-06-17;R16P7;R16P8;Hard;ATP London;;;0.5000;0.5000;0.00;0.00;0.00;aucune;;;;;;;;;;;;;;;;;;;;;;;;;;;;;;;
atp_london_r16p5_vs_r16p6;2026-06-17;R16P5;R16P6;Hard;ATP London;;;0.5000;0.5000;0.00;0.00;0.00;aucune;;;;;;;;;;;;;;;;;;;;;;;;;;;;;;;
atp_london_r16p3_vs_r16p4;2026-06-17;R16P3;R16P4;Hard;ATP London;;;0.5000;0.5000;0.00;0.00;0.00;aucune;;;;;;;;;;;;;;;;;;;;;;;;;;;;;;;
atp_london_r16p15_vs_r16p16;2026-06-17;R16P15;R16P16;Hard;ATP London;;;0.5000;0.5000;0.00;0.00;0.00;aucune;;;;;;;;;;;;;;;;;;;;;;;;;;;;;;;
atp_london_r16p13_vs_r16p14;2026-06-17;R16P13;R16P14;Hard;ATP London;;;0.5000;0.5000;0.00;0.00;0.00;aucune;;;;;;;;;;;;;;;;;;;;;;;;;;;;;;;
atp_london_r16p11_vs_r16p12;2026-06-17;R16P11;R16P12;Hard;ATP London;;;0.5000;0.5000;0.00;0.00;0.00;aucune;;;;;;;;;;;;;;;;;;;;;;;;;;;;;;;
berlin_anhelina_kalinina_vs_lulu_sun;2026-06-13;Anhelina Kalinina;Lulu Sun;Hard;Berlin;1.571;2.46;;;0.00;0.00;4.30;aucune;1.571;2.46;1.571;2.5;1.51525;2.45;0.00;3.68;45;;;;1749.6;1669.7;55.1;59.6;46.3;37.6;44.1;-22.6;69;110;;0V1D;;;-0.82;-0.82;;1;oddspapi
berlin_dalma_galfi_vs_xinyu_wang;2026-06-13;Xinyu Wang;Dalma Galfi;Hard;Berlin;;;0.5000;0.5000;0.00;0.00;0.00;aucune;;;;;;;;;11;;;;1717.3;1616.9;58.4;57.8;42.6;39.3;;4.1;;117;;0V1D;;;;;;;
berlin_polina_kudermetova_vs_sinja_kraus;2026-06-13;Polina Kudermetova;Sinja Kraus;Hard;Berlin;1.719;2.17;;;0.00;0.00;4.26;aucune;1.719;2.17;1.72;2.17;1.7072500000000002;2.0775;0.00;0.69;38;;;;1636.5;1639.2;52.9;54.9;41.1;41.1;10.4;-39.9;121;92;;0V1D;;;0.88;0.88;;;
berlin_r16p5_vs_r16p6;2026-06-17;R16P5;R16P6;Hard;Berlin;;;0.5000;0.5000;0.00;0.00;0.00;aucune;;;;;;;;;;;;;;;;;;;;;;;;;;;;;;;
berlin_r16p3_vs_r16p4;2026-06-17;R16P3;R16P4;Hard;Berlin;;;0.5000;0.5000;0.00;0.00;0.00;aucune;;;;;;;;;;;;;;;;;;;;;;;;;;;;;;;
berlin_r16p1_vs_r16p2;2026-06-17;R16P1;R16P2;Hard;Berlin;;;0.5000;0.5000;0.00;0.00;0.00;aucune;;;;;;;;;;;;;;;;;;;;;;;;;;;;;;;
berlin_r16p13_vs_r16p14;2026-06-17;R16P13;R16P14;Hard;Berlin;;;0.5000;0.5000;0.00;0.00;0.00;aucune;;;;;;;;;;;;;;;;;;;;;;;;;;;;;;;
berlin_r16p11_vs_r16p12;2026-06-17;R16P11;R16P12;Hard;Berlin;;;0.5000;0.5000;0.00;0.00;0.00;aucune;;;;;;;;;;;;;;;;;;;;;;;;;;;;;;;
berlin_r16p10_vs_r16p9;2026-06-17;R16P9;R16P10;Hard;Berlin;;;0.5000;0.5000;0.00;0.00;0.00;aucune;;;;;;;;;;;;;;;;;;;;;;;;;;;;;;;
berlin_r16p7_vs_r16p8;2026-06-17;R16P7;R16P8;Hard;Berlin;;;0.5000;0.5000;0.00;0.00;0.00;aucune;;;;;;;;;;;;;;;;;;;;;;;;;;;;;;;
berlin_r16p15_vs_r16p16;2026-06-17;R16P15;R16P16;Hard;Berlin;;;0.5000;0.5000;0.00;0.00;0.00;aucune;;;;;;;;;;;;;;;;;;;;;;;;;;;;;;;
wta_nottingham_veronika_erjavec_vs_viktorija_golubic;2026-06-13;Viktorija Golubic;Veronika Erjavec;Hard;WTA Nottingham;1.28;3.82;;;0.00;0.00;4.30;aucune;1.28;3.82;1.28;3.82;1.265;3.605;0.00;1.19;63;;;;1700.6;1525.9;55.3;51.4;42.7;39.4;17.2;5.9;70;89;0V3D;1V1D;;;-0.31;-0.31;;1;oddspapi
wta_nottingham_alicia_dudeney_vs_yulia_putintseva;2026-06-13;Yulia Putintseva;Alicia Dudeney;Hard;WTA Nottingham;1.327;3.44;;;0.00;0.00;4.43;aucune;1.327;3.44;1.327;3.5;1.29425;3.385;0.00;2.53;63;;;;1768.6;1377.4;55.3;;42.7;;39.4;;87;;3V1D;;;;-2.24;-2.24;;0;oddspapi
wta_nottingham_caty_mcnally_vs_mika_stojsavljevic;2026-06-13;Caty McNally;Mika Stojsavljevic;Hard;WTA Nottingham;;;0.5000;0.5000;0.00;0.00;0.00;aucune;;;;;;;;;18;;;;1727.1;1414.9;56.5;;44.2;;99.1;21.0;59;261;2V1D;1V0D;;;;;;;
wta_nottingham_lanlana_tararudee_vs_zeynep_sonmez;2026-06-13;Zeynep Sonmez;Lanlana Tararudee;Hard;WTA Nottingham;1.45;2.83;;;0.00;0.00;4.30;aucune;1.45;2.83;1.5;2.83;1.46;2.62;0.00;-0.68;36;;;;1709.2;1723.1;54.4;55.9;45;44.6;14.0;;67;94;1V1D;;;;0.00;0.28;;1;oddspapi
wta_nottingham_kamilla_rakhimova_vs_oksana_selekhmeteva;2026-06-13;Oksana Selekhmeteva;Kamilla Rakhimova;Hard;WTA Nottingham;;;0.5000;0.5000;0.00;0.00;0.00;aucune;;;;;;;;;2;;;;1665.8;1675.6;52.6;53.7;44.3;43;-27.7;-0.2;91;78;1V1D;1V1D;;;;;;;
wta_nottingham_r16p1_vs_r16p2;2026-06-17;R16P1;R16P2;Hard;WTA Nottingham;;;0.5000;0.5000;0.00;0.00;0.00;aucune;;;;;;;;;;;;;;;;;;;;;;;;;;;;;;;
wta_nottingham_r16p10_vs_r16p9;2026-06-17;R16P9;R16P10;Hard;WTA Nottingham;;;0.5000;0.5000;0.00;0.00;0.00;aucune;;;;;;;;;;;;;;;;;;;;;;;;;;;;;;;
wta_nottingham_r16p7_vs_r16p8;2026-06-17;R16P7;R16P8;Hard;WTA Nottingham;;;0.5000;0.5000;0.00;0.00;0.00;aucune;;;;;;;;;;;;;;;;;;;;;;;;;;;;;;;
wta_nottingham_r16p5_vs_r16p6;2026-06-17;R16P5;R16P6;Hard;WTA Nottingham;;;0.5000;0.5000;0.00;0.00;0.00;aucune;;;;;;;;;;;;;;;;;;;;;;;;;;;;;;;
wta_nottingham_r16p3_vs_r16p4;2026-06-17;R16P3;R16P4;Hard;WTA Nottingham;;;0.5000;0.5000;0.00;0.00;0.00;aucune;;;;;;;;;;;;;;;;;;;;;;;;;;;;;;;
wta_nottingham_r16p15_vs_r16p16;2026-06-17;R16P15;R16P16;Hard;WTA Nottingham;;;0.5000;0.5000;0.00;0.00;0.00;aucune;;;;;;;;;;;;;;;;;;;;;;;;;;;;;;;
wta_nottingham_r16p13_vs_r16p14;2026-06-17;R16P13;R16P14;Hard;WTA Nottingham;;;0.5000;0.5000;0.00;0.00;0.00;aucune;;;;;;;;;;;;;;;;;;;;;;;;;;;;;;;
wta_nottingham_r16p11_vs_r16p12;2026-06-17;R16P11;R16P12;Hard;WTA Nottingham;;;0.5000;0.5000;0.00;0.00;0.00;aucune;;;;;;;;;;;;;;;;;;;;;;;;;;;;;;;
atp_halle_lorenzo_sonego_vs_nikoloz_basilashvili;2026-06-14;Lorenzo Sonego;Nikoloz Basilashvili;Grass;ATP Halle;1.636;2.32;;;0.00;0.00;4.23;aucune;1.636;2.32;1.636;2.35;1.582;2.313333333333333;0.00;3.41;25;;;;1661.4;1633.3;65.9;63.4;34.7;33.1;-57.6;24.1;66;118;;;;;0.94;3.68;;;
atp_halle_raphael_collignon_vs_roberto_bautista_agut;2026-06-14;Raphael Collignon;Roberto Bautista Agut;Grass;ATP Halle;1.49;2.69;;;0.00;0.00;4.29;aucune;1.49;2.69;1.49;2.85;1.46;2.645;0.00;2.05;39;;;;1647.5;1698;63.9;63.6;34.9;34.1;50.6;-56.7;51;116;;;;;0.00;0.00;;;
atp_halle_martin_landaluce_vs_tom_gentzsch;2026-06-14;Martin Landaluce;Tom Gentzsch;Grass;ATP Halle;1.277;3.83;;;0.00;0.00;4.42;aucune;1.277;3.83;1.277;3.83;1.2617500000000001;3.67;0.00;1.21;49;;;;1669.1;1484.2;64.2;;32.7;;157.8;;58;;;;;;0.23;-5.04;;;
atp_halle_alex_bolt_vs_mattia_bellucci;2026-06-14;Mattia Bellucci;Alex Bolt;Grass;ATP Halle;1.518;2.6;;;0.00;0.00;4.34;aucune;1.518;2.6;1.518;2.65;1.4845;2.5575;0.00;2.26;25;;;;1624;1583.6;61.2;63.1;34.9;30.9;-8.6;14.1;78;157;;;;;-6.80;-9.81;;;
atp_halle_felix_auger-aliassime_vs_nuno_borges;2026-06-15;Felix Auger-Aliassime;Nuno Borges;Grass;ATP Halle;1.4;2.9;;;0.00;0.00;5.91;aucune;;;1.4;2.9;;;;;5;;;;;1598.5;;64.7;;34.5;;3.9;;50;;;;;0.08;0.08;;;
atp_halle_learner_tien_vs_max_schoenhaus;2026-06-15;Learner Tien;Max Schoenhaus;Grass;ATP Halle;1.13;5.6;;;0.00;0.00;6.35;aucune;;;1.13;5.6;;;;;39;;;;1698.9;1356.5;64.2;64.1;37.2;27.5;-20.3;-8.6;19;332;;;;;0.17;0.17;;;
atp_halle_sho_shimabukuro_vs_tallon_griekspoor;2026-06-15;Tallon Griekspoor;Sho Shimabukuro;Grass;ATP Halle;1.61;2.28;;;0.00;0.00;5.97;aucune;;;1.61;2.28;;;;;39;;;;1768.7;1565.6;65.4;67.6;32.5;31.5;-94.2;;41;104;;;;;;;;;
atp_halle_flavio_cobolli_vs_frances_tiafoe;2026-06-15;Frances Tiafoe;Flavio Cobolli;Grass;ATP Halle;1.78;2.01;;;0.00;0.00;5.93;aucune;;;1.78;2.01;;;;;14;;;;1739.1;1752.2;65.6;63.6;35.1;36.4;12.4;84.7;26;10;;;;;1.38;1.38;;;
atp_halle_daniil_medvedev_vs_tomas_martin_etcheverry;2026-06-15;Daniil Medvedev;Tomas Martin Etcheverry;Grass;ATP Halle;1.25;3.85;;;0.00;0.00;5.97;aucune;;;1.25;3.85;;;;;39;;;;1883;1604;66.2;65.8;39.8;35.5;-66.0;-2.5;8;30;;;;;;;;;
atp_halle_andrey_rublev_vs_hubert_hurkacz;2026-06-15;Andrey Rublev;Hubert Hurkacz;Grass;ATP Halle;1.69;2.13;;;0.00;0.00;6.12;aucune;;;1.69;2.13;;;;;30;;;;1801.8;1720.9;66.8;69;36.8;32.9;29.2;-27.2;13;96;;;;;;;;;
atp_halle_taylor_fritz_vs_zizou_bergs;2026-06-15;Taylor Fritz;Zizou Bergs;Grass;ATP Halle;1.27;3.65;;;0.00;0.00;6.14;aucune;;;1.27;3.65;;;;;30;;;;1809.3;1655.8;70.7;63;34.4;35.5;-48.7;-28.4;9;40;;;;;;;;;
atp_halle_fabian_marozsan_vs_miomir_kecmanovic;2026-06-15;Miomir Kecmanovic;Fabian Marozsan;Grass;ATP Halle;1.78;2;;;0.00;0.00;6.18;aucune;;;1.78;2;;;;;14;;;;1651.1;1591.3;64.2;64.1;35.9;35.7;-35.6;-38.2;49;61;;;;;;;;;
atp_halle_ethan_quinn_vs_karen_khachanov;2026-06-15;Karen Khachanov;Ethan Quinn;Grass;ATP Halle;1.34;3.2;;;0.00;0.00;5.88;aucune;;;1.34;3.2;;;;;21;;;;1752.8;1645.6;67.3;64.3;35.7;33.4;-31.2;-19.4;15;67;;;;;;;;;
atp_halle_ben_shelton_vs_nick_kyrgios;2026-06-15;Ben Shelton;Nick Kyrgios;Grass;ATP Halle;1.45;2.7;;;0.00;0.00;6.00;aucune;;;1.45;2.7;;;;;23;;;;1792.2;1667.3;70.1;;32.9;;-93.4;;5;835;;;;;;;;;
atp_halle_joao_fonseca_vs_yannick_hanfmann;2026-06-15;Joao Fonseca;Yannick Hanfmann;Grass;ATP Halle;1.39;2.9;;;0.00;0.00;6.43;aucune;;;1.39;2.9;;;;;28;;;;1696.2;1646.1;66.8;66.3;36;35.8;55.4;-54.9;25;59;;;;;;;;;
atp_halle_alexander_zverev_vs_vit_kopriva;2026-06-15;Alexander Zverev;Vit Kopriva;Grass;ATP Halle;1.05;9.2;;;0.00;0.00;6.11;aucune;;;1.05;9.2;;;;;52;;;;1894.3;1606.4;69.3;60.9;36.6;37.7;60.8;56.4;3;65;;;;;;;;;
atp_london_martin_damm_jr_vs_zachary_svajda;2026-06-14;Zachary Svajda;Martin Damm Jr;Hard;ATP London;1.826;2.02;;;0.00;0.00;4.27;aucune;1.826;2.02;1.826;2.02;1.808;2;0.00;1.00;54;;;;1692.7;1500.0;63.4;;32.1;;43.8;;62;2071;0V1D;;;;6.63;6.63;;;
atp_london_aleksandar_vukic_vs_harry_wendelken;2026-06-14;Aleksandar Vukic;Harry Wendelken;Hard;ATP London;1.621;2.34;;;0.00;0.00;4.43;aucune;1.621;2.34;1.621;2.34;;;0.00;;33;;;;1591.2;1562.1;62.2;;31.9;;-37.6;;100;;0V1D;;;;2.58;2.58;;;
atp_london_aleksandar_kovacevic_vs_giovanni_mpetshi_perricard;2026-06-14;Giovanni Mpetshi Perricard;Aleksandar Kovacevic;Hard;ATP London;1.543;2.53;;;0.00;0.00;4.33;aucune;1.543;2.53;1.543;2.53;;;0.00;;48;;;;1668.9;1599.9;70.3;66.4;26.5;30.3;-22.8;-0.6;93;69;0V1D;0V1D;;;-1.62;-1.24;;;
atp_london_marcos_giron_vs_rinky_hijikata;2026-06-14;Marcos Giron;Rinky Hijikata;Hard;ATP London;1.787;2.07;;;0.00;0.00;4.27;aucune;1.787;2.07;1.787;2.07;;;0.00;;48;;;;1731.9;1661.4;63.9;63.1;35.6;34.8;-73.5;-14.4;88;106;0V1D;;;;4.87;3.96;;;
atp_london_jaume_munar_vs_tommy_paul;2026-06-15;Tommy Paul;Jaume Munar;Hard;ATP London;;;0.5000;0.5000;0.00;0.00;0.00;aucune;;;;;;;;;11;;;;1866;1757.1;67.1;64.7;37.5;38.2;10.2;-49.5;28;44;3V1D;;;;-0.08;-0.08;;;
atp_london_alexander_blockx_vs_francisco_cerundolo;2026-06-15;Alexander Blockx;Francisco Cerundolo;Hard;ATP London;;;0.5000;0.5000;0.00;0.00;0.00;aucune;;;;;;;;;11;;;;1789.8;1869;68.1;61.6;34.9;40.1;174.9;8.7;37;27;;3V1D;;;0.72;0.72;;;
atp_london_jiri_lehecka_vs_kamil_majchrzak;2026-06-15;Kamil Majchrzak;Jiri Lehecka;Hard;ATP London;;;0.5000;0.5000;0.00;0.00;0.00;aucune;;;;;;;;;18;;;;1719.9;1894.8;63.5;67.9;36.3;34.8;-21.6;43.6;76;12;2V1D;4V1D;;;0.75;0.75;;0;oddspapi
atp_london_marin_cilic_vs_ugo_humbert;2026-06-15;Ugo Humbert;Marin Cilic;Hard;ATP London;;;0.5000;0.5000;0.00;0.00;0.00;aucune;;;;;;;;;11;;;;1835.3;1766.8;66.8;66.7;34.2;32.9;-24.6;-13.1;33;47;2V1D;2V1D;;;-1.92;-1.92;;1;oddspapi
atp_london_arthur_rinderknech_vs_hamad_medjedovic;2026-06-15;Arthur Rinderknech;Hamad Medjedovic;Hard;ATP London;;;0.5000;0.5000;0.00;0.00;0.00;aucune;;;;;;;;;2;;;;1758;1744.2;67.1;64.3;31.9;34.2;-24.6;50.9;24;68;0V1D;;;;-0.38;-0.38;;0;oddspapi
atp_london_alejandro_davidovich_fokina_vs_cameron_norrie;2026-06-15;Cameron Norrie;Alejandro Davidovich Fokina;Hard;ATP London;;;0.5000;0.5000;0.00;0.00;0.00;aucune;;;;;;;;;6;;;;1805.4;1835.6;64.8;65.2;36;37.1;-50.5;-42.8;29;22;0V1D;0V1D;;;0.47;0.47;;0;oddspapi
atp_london_arthur_fery_vs_toby_samuel;2026-06-15;Arthur Fery;Toby Samuel;Hard;ATP London;;;0.5000;0.5000;0.00;0.00;0.00;aucune;;;;;;;;;4;;;;1659.6;1696.1;59.8;;36.8;;-7.8;-4.3;141;150;0V1D;;;;-0.83;-0.83;;1;oddspapi
atp_london_adrian_mannarino_vs_jakub_mensik;2026-06-15;Jakub Mensik;Adrian Mannarino;Hard;ATP London;;;0.5000;0.5000;0.00;0.00;0.00;aucune;;;;;;;;;25;;;;1883.4;1638.7;66;64.4;36.4;35.1;24.6;-97.1;17;46;1V1D;1V1D;;;-1.36;-1.36;;0;oddspapi
atp_london_ignacio_buse_vs_rafael_jodar;2026-06-15;Ignacio Buse;Rafael Jodar;Hard;ATP London;;;0.5000;0.5000;0.00;0.00;0.00;aucune;;;;;;;;;25;;;;1616.6;1865;63.3;63.9;34.4;39.8;78.4;252.6;35;23;0V1D;2V1D;;;-1.25;-1.25;;;
atp_london_brandon_nakashima_vs_marton_fucsovics;2026-06-15;Brandon Nakashima;Marton Fucsovics;Hard;ATP London;;;0.5000;0.5000;0.00;0.00;0.00;aucune;;;;;;;;;6;;;;1769.7;1723.8;67.9;63.9;34;37.7;-35.9;-61.0;32;75;0V1D;1V1D;;;-0.38;-0.38;;1;oddspapi
atp_london_denis_shapovalov_vs_jack_pinnington_jones;2026-06-15;Jack Pinnington Jones;Denis Shapovalov;Hard;ATP London;;;0.5000;0.5000;0.00;0.00;0.00;aucune;;;;;;;;;25;;;;1563.9;1787.1;62.2;62.5;32.1;38;-14.4;-86.8;133;42;;0V1D;;;-0.41;-0.41;;;
atp_london_alex_de_minaur_vs_gabriel_diallo;2026-06-15;Alex de Minaur;Gabriel Diallo;Hard;ATP London;;;0.5000;0.5000;0.00;0.00;0.00;aucune;;;;;;;;;25;;;;1939;1685.9;65.8;65.5;39.6;33.6;-81.0;-58.4;6;54;0V1D;1V1D;;;0.17;0.17;;1;oddspapi
atp_s-hertogenbosch_alex_de_minaur_vs_kamil_majchrzak;2026-06-14;Alex de Minaur;Kamil Majchrzak;Grass;ATP S-Hertogenbosch;1.265;4.18;;;0.00;0.00;2.97;aucune;1.265;4.18;1.265;4.18;1.2475;4.14;0.00;1.40;50;;;;1819.9;1666.7;65.8;63.5;39.6;36.3;-81.0;-21.6;6;76;;;;;-5.68;-6.18;;;
atp_stuttgart_ben_shelton_vs_taylor_fritz;2026-06-14;Taylor Fritz;Ben Shelton;Grass;ATP Stuttgart;1.925;1.961;;;0.00;0.00;2.94;aucune;1.925;1.961;1.93;1.961;1.915;1.907;0.00;0.52;30;;;;1809.3;1792.2;70.7;70.1;34.4;32.9;-48.7;-93.4;9;5;;;;;4.71;4.71;;;
berlin_diane_parry_vs_ella_seidel;2026-06-14;Diane Parry;Ella Seidel;Hard;Berlin;1.571;2.49;;;0.00;0.00;3.81;aucune;1.571;2.49;1.64;2.49;1.58025;2.3175;0.00;-0.59;33;;;;1613.2;1632.4;59.1;55.7;41.9;39.3;38.6;-58.7;55;95;;0V1D;;;2.22;2.22;;;
berlin_dalma_galfi_vs_suzan_lamens;2026-06-14;Dalma Galfi;Suzan Lamens;Hard;Berlin;1.515;2.61;;;0.00;0.00;4.32;aucune;1.515;2.61;1.515;2.61;1.4862499999999998;2.5375;0.00;1.93;53;;;;1616.9;1555.2;57.8;52;39.3;43.7;4.1;;117;125;0V1D;;;;-2.09;-2.09;;;
berlin_aoi_ito_vs_petra_marcinko;2026-06-14;Petra Marcinko;Aoi Ito;Hard;Berlin;;;0.5000;0.5000;0.00;0.00;0.00;aucune;;;;;;;;;2;;;;1599.6;1586.8;52.8;50.4;42.1;46.3;65.0;;50;218;0V1D;;;;;;;;
berlin_katerina_siniakova_vs_yue_yuan;2026-06-14;Katerina Siniakova;Yue Yuan;Hard;Berlin;1.11;5.5;;;0.00;0.00;8.27;aucune;;;1.11;5.5;;;;;36;;;;1811.1;1626.1;56.6;56.2;44.3;41.8;-34.9;-1.5;32;112;0V1D;;;;;;;;
berlin_alycia_parks_vs_tessa_johanna_brockmann;2026-06-14;Tessa Johanna Brockmann;Alycia Parks;Hard;Berlin;1.2;4.2;;;0.00;0.00;7.14;aucune;;;1.2;4.2;1.1933333333333334;4.1000000000000005;;0.56;65;;;;1362.2;1663.7;60.7;57.1;43.6;40.2;;43.5;282;81;;2V1D;;;;;;;
berlin_magdalena_frech_vs_shuai_zhang;2026-06-14;Magdalena Frech;Shuai Zhang;Hard;Berlin;1.699;2.2;;;0.00;0.00;4.31;aucune;1.699;2.2;1.699;2.2;1.663;2.1700000000000004;0.00;2.16;26;;;;1705.1;1691.2;56.5;55.3;43.2;42.4;-57.1;-27.2;43;64;0V1D;0V1D;;;-6.01;-6.65;;;
berlin_maria_timofeeva_vs_renata_zarazua;2026-06-14;Maria Timofeeva;Renata Zarazua;Hard;Berlin;1.657;2.3;;;0.00;0.00;3.83;aucune;1.657;2.3;1.657;2.3;1.62425;2.225;0.00;2.02;25;;;;1597.2;1643.3;46.4;55.5;35.7;44.2;-8.1;19.4;93;77;;;;;1.28;1.28;;;
berlin_mia_pohankova_vs_rebeka_masarova;2026-06-14;Rebeka Masarova;Mia Pohankova;Hard;Berlin;1.699;2.2;;;0.00;0.00;4.31;aucune;1.699;2.2;1.699;2.2;1.6745;2.1500000000000004;0.00;1.46;37;;;;1682.1;1628.2;61;;37.3;;11.4;;140;280;0V1D;;;;2.23;2.23;;;
berlin_alexandra_eala_vs_donna_vekic;2026-06-15;Donna Vekic;Alexandra Eala;Hard;Berlin;1.79;2;;;0.00;0.00;5.87;aucune;;;1.79;2;;;;;33;;;;1720.3;1812.7;55.1;55.7;41.5;44.9;41.3;-24.5;76;33;;2V1D;;;-2.79;-2.79;;0;oddspapi
berlin_anna_kalinskaya_vs_elina_svitolina;2026-06-15;Elina Svitolina;Anna Kalinskaya;Hard;Berlin;1.44;2.75;;;0.00;0.00;5.81;aucune;;;1.44;2.75;;;;;57;;;;1996.2;1861.2;60.1;57.9;44.4;42.9;20.3;-14.4;8;20;2V1D;0V1D;;;-1.04;-1.04;;1;oddspapi
berlin_madison_keys_vs_xinyu_wang;2026-06-15;Madison Keys;Xinyu Wang;Hard;Berlin;;;0.5000;0.5000;0.00;0.00;0.00;aucune;;;;;;;;;18;;;;1900.5;1717.3;59.6;58.4;43.5;42.6;-2.9;;26;;1V1D;;;;0.82;0.82;;1;oddspapi
berlin_coco_gauff_vs_nikola_bartunkova;2026-06-15;Coco Gauff;Nikola Bartunkova;Hard;Berlin;1.14;5.4;;;0.00;0.00;6.24;aucune;;;1.14;5.4;;;;;73;;;;2050;1691.6;57.4;55.9;48.3;43;24.4;29.1;7;61;4V1D;;;;-0.08;-0.08;;;
berlin_elise_mertens_vs_liudmila_samsonova;2026-06-15;Elise Mertens;Liudmila Samsonova;Hard;Berlin;1.4;2.9;;;0.00;0.00;5.91;aucune;;;1.4;2.9;;;;;37;;;;1859.3;1744;61.2;59.7;44.8;42.2;-16.1;-42.5;22;35;2V1D;0V1D;;;-0.14;-0.14;;;
berlin_anastasia_potapova_vs_ekaterina_alexandrova;2026-06-15;Anastasia Potapova;Ekaterina Alexandrova;Hard;Berlin;1.81;1.97;;;0.00;0.00;6.01;aucune;;;1.81;1.97;;;;;26;;;;1808.9;1802.1;55.3;60.1;44.7;44.3;140.1;-75.7;27;17;;1V1D;;;1.15;1.15;;;
berlin_jessica_pegula_vs_r16p6;2026-06-17;Jessica Pegula;R16P6;Hard;Berlin;;;0.5000;0.5000;0.00;0.00;0.00;aucune;;;;;;;;;;;;;2060.9;;62.1;;44.7;;-31.2;;4;;3V1D;;;;;;;;
berlin_aryna_sabalenka_vs_r16p2;2026-06-17;Aryna Sabalenka;R16P2;Hard;Berlin;;;0.5000;0.5000;0.00;0.00;0.00;aucune;;;;;;;;;;;;;2211.1;;63.9;;44;;-40.4;;1;;5V0D;;;;;;;;
berlin_amanda_anisimova_vs_r16p11;2026-06-17;R16P11;Amanda Anisimova;Hard;Berlin;;;0.5000;0.5000;0.00;0.00;0.00;aucune;;;;;;;;;;;;;;1889;;60.4;;45.2;;-29.9;;5;;2V1D;;;;;;;
berlin_elena_rybakina_vs_r16p15;2026-06-17;R16P15;Elena Rybakina;Hard;Berlin;;;0.5000;0.5000;0.00;0.00;0.00;aucune;;;;;;;;;;;;;;2136;;65.1;;42.7;;-20.6;;2;;4V1D;;;;;;;
wta_london_donna_vekic_vs_emma_raducanu;2026-06-14;Emma Raducanu;Donna Vekic;Hard;WTA London;1.724;2.23;;;0.00;0.00;2.85;aucune;1.724;2.23;1.724;2.23;1.6846666666666665;2.1999999999999997;0.00;2.33;25;;;;1769.9;1720.3;57.7;55.1;44.8;41.5;-38.5;41.3;42;76;;;;;-3.42;-3.14;;;
wta_nottingham_anna_blinkova_vs_anna_bondar;2026-06-14;Anna Blinkova;Anna Bondar;Hard;WTA Nottingham;1.85;1.85;;;0.00;0.00;8.11;aucune;;;1.85;1.85;;;;;24;;;;1647.6;1668.7;52.4;58.4;43.7;42.2;-33.0;86.1;105;75;1V1D;0V1D;;;7.46;7.67;;;
wta_nottingham_katie_volynets_vs_kimberly_birrell;2026-06-14;Kimberly Birrell;Katie Volynets;Hard;WTA Nottingham;1.78;1.93;;;0.00;0.00;7.99;aucune;;;1.78;1.93;;;;;19;;;;1750.7;1724.1;56.2;53;41.8;43.8;-48.4;-11.8;74;101;0V2D;0V1D;;;-6.10;-5.66;;;
wta_nottingham_sofia_kenin_vs_viktorija_golubic;2026-06-14;Viktorija Golubic;Sofia Kenin;Hard;WTA Nottingham;;;0.5000;0.5000;0.00;0.00;0.00;aucune;;;;;;;;;6;;;;1700.6;1679.1;55.3;56.5;42.7;38.4;17.2;-21.7;70;103;0V3D;0V1D;;;-6.66;-6.66;;;
wta_nottingham_antonia_ruzic_vs_taylah_preston;2026-06-14;Antonia Ruzic;Taylah Preston;Hard;WTA Nottingham;;;0.5000;0.5000;0.00;0.00;0.00;aucune;;;;;;;;;18;;;;1717.5;1590.2;56.5;52.4;42.8;49;-38.6;;58;126;0V1D;;;;1.44;1.44;;;
wta_nottingham_alicia_dudeney_vs_himeno_sakatsume;2026-06-14;Himeno Sakatsume;Alicia Dudeney;Hard;WTA Nottingham;;;0.5000;0.5000;0.00;0.00;0.00;aucune;;;;;;;;;18;;;;1613.1;1377.4;59;;44.8;;7.5;;127;;1V1D;;;;-3.08;-3.08;;;
wta_nottingham_hannah_klugman_vs_zeynep_sonmez;2026-06-14;Zeynep Sonmez;Hannah Klugman;Hard;WTA Nottingham;;;0.5000;0.5000;0.00;0.00;0.00;aucune;;;;;;;;;;;;;1709.2;1500.0;54.4;;45;;14.0;;67;511;1V1D;;;;-3.17;-3.17;;;
wta_nottingham_janice_tjen_vs_leylah_fernandez;2026-06-15;Janice Tjen;Leylah Fernandez;Hard;WTA Nottingham;;;0.5000;0.5000;0.00;0.00;0.00;aucune;;;;;;;;;11;;;;1730.9;1801.6;59.8;60.3;40.6;42;-53.0;20.1;40;23;0V1D;1V1D;;;;;;;
wta_nottingham_emma_navarro_vs_sara_bejlek;2026-06-15;Sara Bejlek;Emma Navarro;Hard;WTA Nottingham;;;0.5000;0.5000;0.00;0.00;0.00;aucune;;;;;;;;;6;;;;1759.2;1713.8;57;58.1;47.6;43.3;-33.9;68.4;46;25;0V1D;;;;0.00;0.00;;0;
wta_nottingham_maya_joint_vs_yuliia_starodubtseva;2026-06-15;Maya Joint;Yuliia Starodubtseva;Hard;WTA Nottingham;;;0.5000;0.5000;0.00;0.00;0.00;aucune;;;;;;;;;6;;;;1690;1669.7;55.2;55.6;43.7;44.1;-38.8;126.1;53;57;;2V1D;;;2.00;2.00;;;
wta_nottingham_jaqueline_cristian_vs_tatjana_maria;2026-06-15;Tatjana Maria;Jaqueline Cristian;Hard;WTA Nottingham;;;0.5000;0.5000;0.00;0.00;0.00;aucune;;;;;;;;;25;;;;1571.2;1795.8;56;56.5;40.7;41.8;49.4;-5.4;52;38;0V1D;2V1D;;;;;;;
wta_nottingham_dayana_yastremska_vs_lois_boisson;2026-06-15;Lois Boisson;Dayana Yastremska;Hard;WTA Nottingham;;;0.5000;0.5000;0.00;0.00;0.00;aucune;;;;;;;;;18;;;;1576.2;1745;59.8;56.3;43.3;42.4;-28.3;-40.9;155;49;;1V1D;;;0.00;0.00;;;
wta_nottingham_harriet_dart_vs_katie_boulter;2026-06-15;Harriet Dart;Katie Boulter;Hard;WTA Nottingham;;;0.5000;0.5000;0.00;0.00;0.00;aucune;;;;;;;;;13;;;;1592.1;1787.4;;56.4;;43.8;20.9;-0.8;160;73;1V0D;2V1D;;;0.00;0.00;;;
wta_nottingham_marie_bouzkova_vs_tereza_valentova;2026-06-15;Marie Bouzkova;Tereza Valentova;Hard;WTA Nottingham;;;0.5000;0.5000;0.00;0.00;0.00;aucune;;;;;;;;;6;;;;1772.9;1820.4;56.3;56.6;46.3;45.5;9.8;-19.9;28;47;2V2D;1V1D;;;0.00;0.00;;1;oddspapi
wta_nottingham_maria_sakkari_vs_qinwen_zheng;2026-06-15;Qinwen Zheng;Maria Sakkari;Hard;WTA Nottingham;;;0.5000;0.5000;0.00;0.00;0.00;aucune;;;;;;;;;6;;;;1860.1;1809.8;60.2;56.9;42.1;41.6;-25.0;-52.3;122;37;2V1D;0V1D;;;0.00;0.00;;1;oddspapi
wta_nottingham_francesca_jones_vs_talia_gibson;2026-06-15;Talia Gibson;Francesca Jones;Hard;WTA Nottingham;;;0.5000;0.5000;0.00;0.00;0.00;aucune;;;;;;;;;18;;;;1776.6;1605.2;59.5;53.3;39.8;40.6;-8.5;-8.2;63;98;3V2D;1V1D;;;-0.15;-0.15;;;
wta_nottingham_iva_jovic_vs_karolina_pliskova;2026-06-15;Iva Jovic;Karolina Pliskova;Hard;WTA Nottingham;;;0.5000;0.5000;0.00;0.00;0.00;aucune;;;;;;;;;6;;;;1836.2;1807.3;58.7;59.4;45.5;41.4;3.1;82.9;19;106;1V3D;;;;;;;;
wta_s-hertogenbosch_barbora_krejcikova_vs_robin_montgomery;2026-06-14;Barbora Krejcikova;Robin Montgomery;Grass;WTA S-Hertogenbosch;1.374;3.32;;;0.00;0.00;2.90;aucune;1.374;3.32;1.38;3.32;1.3685;3.1675000000000004;0.00;0.40;50;;;;1762.6;1632.9;58.7;48.7;43.8;35.1;-14.5;-24.7;45;484;;;;;1.38;1.38;;;
berlin_lin_zhu_vs_sinja_kraus;2026-06-14;Lin Zhu;Sinja Kraus;Hard;Berlin;;;0.5000;0.5000;0.00;0.00;0.00;aucune;;;;;;;;;2;;;;1643.8;1639.2;54.9;54.9;44;41.1;;-39.9;138;92;;0V1D;;;-0.68;-11.64;;1;oddspapi
berlin_diana_shnaider_vs_nikola_bartunkova;2026-06-15;Nikola Bartunkova;Diana Shnaider;Hard;Berlin;;;0.5000;0.5000;0.00;0.00;0.00;aucune;;;;;;;;;18;;;;1691.6;1828.1;55.9;58.1;43;42.9;29.1;72.6;61;16;;1V1D;;;0.00;0.00;;1;oddspapi
berlin_coco_gauff_vs_r16p11;2026-06-17;R16P11;Coco Gauff;Hard;Berlin;;;0.5000;0.5000;0.00;0.00;0.00;aucune;;;;;;;;;;;;;;2050;;57.4;;48.3;;24.4;;7;;4V1D;;;;;;;
atp_halle_martin_landaluce_vs_terence_atmane;2026-06-15;Terence Atmane;Martin Landaluce;Grass;ATP Halle;;;0.5000;0.5000;0.00;0.00;0.00;aucune;;;;;;;;;11;;;;1558.8;1669.1;64.2;64.2;33.8;32.7;82.5;157.8;53;58;;;;;;;;;
atp_halle_daniel_altmaier_vs_nikoloz_basilashvili;2026-06-15;Nikoloz Basilashvili;Daniel Altmaier;Grass;ATP Halle;;;0.5000;0.5000;0.00;0.00;0.00;aucune;;;;;;;;;11;;;;1633.3;1536.3;63.4;62.7;33.1;32.9;24.1;43.4;118;85;;;;;;;;;
atp_halle_alexander_bublik_vs_mattia_bellucci;2026-06-16;Mattia Bellucci;Alexander Bublik;Grass;ATP Halle;;;0.5000;0.5000;0.00;0.00;0.00;aucune;;;;;;;;;25;;;;1624;1829.1;61.2;68.1;34.9;35.1;-8.6;-71.7;78;11;;;;;;;;;
atp_halle_alexei_popyrin_vs_raphael_collignon;2026-06-16;Alexei Popyrin;Raphael Collignon;Grass;ATP Halle;;;0.5000;0.5000;0.00;0.00;0.00;aucune;;;;;;;;;6;;;;1623.1;1647.5;66;63.9;33.6;34.9;31.9;50.6;90;51;;;;;;;;;
atp_london_aleksandar_kovacevic_vs_francisco_cerundolo;2026-06-15;Aleksandar Kovacevic;Francisco Cerundolo;Hard;ATP London;;;0.5000;0.5000;0.00;0.00;0.00;aucune;;;;;;;;;25;;;;1599.9;1869;66.4;61.6;30.3;40.1;-0.6;8.7;69;27;0V1D;3V1D;;;;;;;
atp_london_alejandro_tabilo_vs_rinky_hijikata;2026-06-15;Rinky Hijikata;Alejandro Tabilo;Hard;ATP London;;;0.5000;0.5000;0.00;0.00;0.00;aucune;;;;;;;;;11;;;;1661.4;1761.4;63.1;67;34.8;34.3;-14.4;41.2;106;31;;2V1D;;;;;;;
atp_london_corentin_moutet_vs_giovanni_mpetshi_perricard;2026-06-15;Giovanni Mpetshi Perricard;Corentin Moutet;Hard;ATP London;;;0.5000;0.5000;0.00;0.00;0.00;aucune;;;;;;;;;11;;;;1668.9;1752.6;70.3;61.8;26.5;38.8;-22.8;-67.0;93;36;0V1D;1V1D;;;;;;;
atp_london_tommy_paul_vs_zachary_svajda;2026-06-15;Tommy Paul;Zachary Svajda;Hard;ATP London;;;0.5000;0.5000;0.00;0.00;0.00;aucune;;;;;;;;;18;;;;1866;1692.7;67.1;63.4;37.5;32.1;10.2;43.8;28;62;3V1D;0V1D;;;;;;;
atp_london_jenson_brooksby_vs_martin_damm_jr;2026-06-15;Jenson Brooksby;Martin Damm Jr;Hard;ATP London;;;0.5000;0.5000;0.00;0.00;0.00;aucune;;;;;;;;;;;;;1691.7;1500.0;61.8;;37.5;;-99.5;;73;2071;0V1D;;;;;;;;
atp_london_botic_van_de_zandschulp_vs_harry_wendelken;2026-06-15;Botic Van de Zandschulp;Harry Wendelken;Hard;ATP London;;;0.5000;0.5000;0.00;0.00;0.00;aucune;;;;;;;;;13;;;;1718;1562.1;64.4;;37.5;;15.1;;55;;1V1D;;;;;;;;
wta_nottingham_janice_tjen_vs_tatjana_maria;2026-06-15;Tatjana Maria;Janice Tjen;Hard;WTA Nottingham;;;0.5000;0.5000;0.00;0.00;0.00;aucune;;;;;;;;;18;;;;1571.2;1730.9;56;59.8;40.7;40.6;49.4;-53.0;52;40;0V1D;0V1D;;;;;;;
wta_nottingham_emma_raducanu_vs_karolina_pliskova;2026-06-15;Emma Raducanu;Karolina Pliskova;Hard;WTA Nottingham;;;0.5000;0.5000;0.00;0.00;0.00;aucune;;;;;;;;;6;;;;1769.9;1807.3;57.7;59.4;44.8;41.4;-38.5;82.9;42;106;;;;;;;;;
atp_halle_frances_tiafoe_vs_r16p14;2026-06-17;Frances Tiafoe;R16P14;Grass;ATP Halle;;;0.5000;0.5000;0.00;0.00;0.00;aucune;;;;;;;;;;;;;1739.1;;65.6;;35.1;;12.4;;26;;;;;;;;;;
atp_halle_r16p12_vs_terence_atmane;2026-06-17;Terence Atmane;R16P12;Grass;ATP Halle;;;0.5000;0.5000;0.00;0.00;0.00;aucune;;;;;;;;;;;;;1558.8;;64.2;;33.8;;82.5;;53;;;;;;;;;;
atp_halle_daniel_altmaier_vs_r16p9;2026-06-17;R16P9;Daniel Altmaier;Grass;ATP Halle;;;0.5000;0.5000;0.00;0.00;0.00;aucune;;;;;;;;;;;;;;1536.3;;62.7;;32.9;;43.4;;85;;;;;;;;;
atp_halle_felix_auger-aliassime_vs_learner_tien;2026-06-17;Learner Tien;Felix Auger-Aliassime;Grass;ATP Halle;;;0.5000;0.5000;0.00;0.00;0.00;aucune;;;;;;;;;;;;;1698.9;;64.2;;37.2;;-20.3;;19;;;;;;0.00;0.00;;0;oddspapi
atp_halle_qf5_vs_qf6;2026-06-19;Qf5;Qf6;Grass;ATP Halle;;;0.5000;0.5000;0.00;0.00;0.00;aucune;;;;;;;;;;;;;;;;;;;;;;;;;;;;;;;
atp_halle_qf3_vs_qf4;2026-06-19;Qf3;Qf4;Grass;ATP Halle;;;0.5000;0.5000;0.00;0.00;0.00;aucune;;;;;;;;;;;;;;;;;;;;;;;;;;;;;;;
atp_halle_qf1_vs_qf2;2026-06-19;Qf1;Qf2;Grass;ATP Halle;;;0.5000;0.5000;0.00;0.00;0.00;aucune;;;;;;;;;;;;;;;;;;;;;;;;;;;;;;;
atp_halle_qf7_vs_qf8;2026-06-19;Qf7;Qf8;Grass;ATP Halle;;;0.5000;0.5000;0.00;0.00;0.00;aucune;;;;;;;;;;;;;;;;;;;;;;;;;;;;;;;
atp_london_ignacio_buse_vs_marcos_giron;2026-06-16;Ignacio Buse;Marcos Giron;Hard;ATP London;;;0.5000;0.5000;0.00;0.00;0.00;aucune;;;;;;;;;11;;;;1616.6;1731.9;63.3;63.9;34.4;35.6;78.4;-73.5;35;88;0V1D;0V1D;;;;;;;
atp_london_denis_shapovalov_vs_r16p1;2026-06-17;R16P1;Denis Shapovalov;Hard;ATP London;;;0.5000;0.5000;0.00;0.00;0.00;aucune;;;;;;;;;;;;;;1787.1;;62.5;;38;;-86.8;;42;;0V1D;;;;;;;
atp_london_botic_van_de_zandschulp_vs_tommy_paul;2026-06-17;Tommy Paul;Botic Van de Zandschulp;Hard;ATP London;;;0.5000;0.5000;0.00;0.00;0.00;aucune;;;;;;;;;18;;;;1866;1718;67.1;64.4;37.5;37.5;10.2;15.1;28;55;3V1D;1V1D;;;1.54;3.05;;;
atp_london_qf1_vs_qf2;2026-06-19;Qf1;Qf2;Hard;ATP London;;;0.5000;0.5000;0.00;0.00;0.00;aucune;;;;;;;;;;;;;;;;;;;;;;;;;;;;;;;
atp_london_qf7_vs_qf8;2026-06-19;Qf7;Qf8;Hard;ATP London;;;0.5000;0.5000;0.00;0.00;0.00;aucune;;;;;;;;;;;;;;;;;;;;;;;;;;;;;;;
atp_london_qf5_vs_qf6;2026-06-19;Qf5;Qf6;Hard;ATP London;;;0.5000;0.5000;0.00;0.00;0.00;aucune;;;;;;;;;;;;;;;;;;;;;;;;;;;;;;;
atp_london_qf3_vs_qf4;2026-06-19;Qf3;Qf4;Hard;ATP London;;;0.5000;0.5000;0.00;0.00;0.00;aucune;;;;;;;;;;;;;;;;;;;;;;;;;;;;;;;
berlin_eva_lys_vs_magdalena_frech;2026-06-16;Magdalena Frech;Eva Lys;Hard;Berlin;;;0.5000;0.5000;0.00;0.00;0.00;aucune;;;;;;;;;11;;;;1705.1;1778.8;56.5;54.1;43.2;45.3;-57.1;-38.6;43;82;0V1D;0V1D;;;;;;;
berlin_karolina_muchova_vs_shuai_zhang;2026-06-16;Shuai Zhang;Karolina Muchova;Hard;Berlin;;;0.5000;0.5000;0.00;0.00;0.00;aucune;;;;;;;;;25;;;;1691.2;2035.6;55.3;61.6;42.4;42.1;-27.2;6.7;64;10;0V1D;4V1D;;;;;;;
berlin_linda_noskova_vs_renata_zarazua;2026-06-16;Linda Noskova;Renata Zarazua;Hard;Berlin;;;0.5000;0.5000;0.00;0.00;0.00;aucune;;;;;;;;;25;;;;1907.7;1643.3;61.9;55.5;41.2;44.2;4.0;19.4;13;77;2V1D;;;;;;;;
berlin_katerina_siniakova_vs_rebeka_masarova;2026-06-16;Katerina Siniakova;Rebeka Masarova;Hard;Berlin;;;0.5000;0.5000;0.00;0.00;0.00;aucune;;;;;;;;;18;;;;1811.1;1682.1;56.6;61;44.3;37.3;-34.9;11.4;32;140;0V1D;0V1D;;;;;;;
berlin_clara_tauson_vs_diane_parry;2026-06-16;Clara Tauson;Diane Parry;Hard;Berlin;;;0.5000;0.5000;0.00;0.00;0.00;aucune;;;;;;;;;18;;;;1790.4;1613.2;60.2;59.1;42.5;41.9;-72.4;38.6;24;55;0V1D;;;;;;;;
berlin_paula_badosa_vs_suzan_lamens;2026-06-16;Suzan Lamens;Paula Badosa;Hard;Berlin;;;0.5000;0.5000;0.00;0.00;0.00;aucune;;;;;;;;;18;;;;1555.2;1743;52;56.4;43.7;42.4;;-58.8;125;141;;1V1D;;;;;;;
berlin_elise_mertens_vs_nikola_bartunkova;2026-06-17;Elise Mertens;Nikola Bartunkova;Hard;Berlin;;;0.5000;0.5000;0.00;0.00;0.00;aucune;;;;;;;;;18;;;;1859.3;1691.6;61.2;55.9;44.8;43;-16.1;29.1;22;61;2V1D;;;;;;;;
berlin_aryna_sabalenka_vs_ekaterina_alexandrova;2026-06-17;Aryna Sabalenka;Ekaterina Alexandrova;Hard;Berlin;;;0.5000;0.5000;0.00;0.00;0.00;aucune;;;;;;;;;25;;;;2211.1;1802.1;63.9;60.1;44;44.3;-40.4;-75.7;1;17;5V0D;1V1D;;;1.05;-0.88;;1;oddspapi
berlin_qf7_vs_qf8;2026-06-19;Qf7;Qf8;Hard;Berlin;;;0.5000;0.5000;0.00;0.00;0.00;aucune;;;;;;;;;;;;;;;;;;;;;;;;;;;;;;;
berlin_qf5_vs_qf6;2026-06-19;Qf5;Qf6;Hard;Berlin;;;0.5000;0.5000;0.00;0.00;0.00;aucune;;;;;;;;;;;;;;;;;;;;;;;;;;;;;;;
berlin_qf3_vs_qf4;2026-06-19;Qf3;Qf4;Hard;Berlin;;;0.5000;0.5000;0.00;0.00;0.00;aucune;;;;;;;;;;;;;;;;;;;;;;;;;;;;;;;
berlin_qf1_vs_qf2;2026-06-19;Qf1;Qf2;Hard;Berlin;;;0.5000;0.5000;0.00;0.00;0.00;aucune;;;;;;;;;;;;;;;;;;;;;;;;;;;;;;;
wta_nottingham_ann_li_vs_kimberly_birrell;2026-06-16;Ann Li;Kimberly Birrell;Hard;WTA Nottingham;;;0.5000;0.5000;0.00;0.00;0.00;aucune;;;;;;;;;2;;;;1744.1;1750.7;58.7;56.2;42.9;41.8;63.3;-48.4;29;74;1V1D;0V2D;;;;;;;
wta_nottingham_katie_volynets_vs_mccartney_kessler;2026-06-16;McCartney Kessler;Katie Volynets;Hard;WTA Nottingham;;;0.5000;0.5000;0.00;0.00;0.00;aucune;;;;;;;;;11;;;;1788.1;1724.1;58;53;43.3;43.8;-26.1;-11.8;39;101;1V2D;0V1D;;;;;;;
wta_nottingham_antonia_ruzic_vs_caty_mcnally;2026-06-16;Caty McNally;Antonia Ruzic;Hard;WTA Nottingham;;;0.5000;0.5000;0.00;0.00;0.00;aucune;;;;;;;;;2;;;;1727.1;1717.5;56.5;56.5;44.2;42.8;99.1;-38.6;59;58;2V1D;0V1D;;;;;;;
wta_nottingham_leylah_fernandez_vs_zeynep_sonmez;2026-06-16;Zeynep Sonmez;Leylah Fernandez;Hard;WTA Nottingham;;;0.5000;0.5000;0.00;0.00;0.00;aucune;;;;;;;;;11;;;;1709.2;1801.6;54.4;60.3;45;42;14.0;20.1;67;23;1V1D;1V1D;;;;;;;
wta_nottingham_karolina_pliskova_vs_sara_bejlek;2026-06-16;Sara Bejlek;Karolina Pliskova;Hard;WTA Nottingham;;;0.5000;0.5000;0.00;0.00;0.00;aucune;;;;;;;;;6;;;;1759.2;1807.3;57;59.4;47.6;41.4;-33.9;82.9;46;106;0V1D;;;;;;;;
wta_nottingham_jessica_bouzas_maneiro_vs_r16p9;2026-06-17;R16P9;Jessica Bouzas Maneiro;Hard;WTA Nottingham;;;0.5000;0.5000;0.00;0.00;0.00;aucune;;;;;;;;;;;;;;1660.9;;56.1;;45;;-22.9;;54;;0V1D;;;;;;;
wta_nottingham_r16p7_vs_tatjana_maria;2026-06-17;R16P7;Tatjana Maria;Hard;WTA Nottingham;;;0.5000;0.5000;0.00;0.00;0.00;aucune;;;;;;;;;;;;;;1571.2;;56;;40.7;;49.4;;52;;0V1D;;;;;;;
wta_nottingham_marie_bouzkova_vs_r16p6;2026-06-17;Marie Bouzkova;R16P6;Hard;WTA Nottingham;;;0.5000;0.5000;0.00;0.00;0.00;aucune;;;;;;;;;;;;;1772.9;;56.3;;46.3;;9.8;;28;;2V2D;;;;;;;;
wta_nottingham_qinwen_zheng_vs_talia_gibson;2026-06-17;Talia Gibson;Qinwen Zheng;Hard;WTA Nottingham;;;0.5000;0.5000;0.00;0.00;0.00;aucune;;;;;;;;;11;;;;1776.6;1860.1;59.5;60.2;39.8;42.1;-8.5;-25.0;63;122;3V2D;2V1D;;;-6.06;-6.06;;1;oddspapi
wta_nottingham_r16p13_vs_taylah_preston;2026-06-17;R16P13;Taylah Preston;Hard;WTA Nottingham;;;0.5000;0.5000;0.00;0.00;0.00;aucune;;;;;;;;;;;;;;1590.2;;52.4;;49;;;;126;;;;;;;;;
wta_nottingham_emma_navarro_vs_yuliia_starodubtseva;2026-06-17;Yuliia Starodubtseva;Emma Navarro;Hard;WTA Nottingham;;;0.5000;0.5000;0.00;0.00;0.00;aucune;;;;;;;;;6;;;;1669.7;1713.8;55.6;58.1;44.1;43.3;126.1;68.4;57;25;2V1D;;;;;;;0;oddspapi
wta_nottingham_qf7_vs_qf8;2026-06-19;Qf7;Qf8;Hard;WTA Nottingham;;;0.5000;0.5000;0.00;0.00;0.00;aucune;;;;;;;;;;;;;;;;;;;;;;;;;;;;;;;
wta_nottingham_qf5_vs_qf6;2026-06-19;Qf5;Qf6;Hard;WTA Nottingham;;;0.5000;0.5000;0.00;0.00;0.00;aucune;;;;;;;;;;;;;;;;;;;;;;;;;;;;;;;
wta_nottingham_qf3_vs_qf4;2026-06-19;Qf3;Qf4;Hard;WTA Nottingham;;;0.5000;0.5000;0.00;0.00;0.00;aucune;;;;;;;;;;;;;;;;;;;;;;;;;;;;;;;
wta_nottingham_qf1_vs_qf2;2026-06-19;Qf1;Qf2;Hard;WTA Nottingham;;;0.5000;0.5000;0.00;0.00;0.00;aucune;;;;;;;;;;;;;;;;;;;;;;;;;;;;;;;
